id,info
2213100200,"강원도 춘천시와 홍천군의 경계를 이루는 산으로, 산 정상에 서면 탁 트인 시야와 발 아래로 펼쳐진 소양호의 풍경이 등산객들의 발걸음을 멈추게 하는 곳이다. 산자락을 감싸 흐르는 조그마한 폭포의 물소리가 사람들의 마음을 시원하게 해주는 가리산은 우거진 숲과 노송들이 어루러져 비경을 이루고 있다. 소양호 쪽으로 하산하여 물노리 선착장에서 유람선을 타고 소양댐 선착장까지 나올 수 있어, 산행도 하고 배를 타는 재미가 있다. 산이름인 가리는 단으로 묶은 곡식이나 땔나무 따위를 차곡차곡 쌓아둔 큰 더미'를 뜻하는 순우리말로서, 산봉우리가 노적가리처럼 고깔 모양으로 생긴 데서 유래한다. 태백산맥 중 내지(內地) 산맥의 일부를 이룬다. 제1봉 남쪽에서 홍천강이 발원하여 북한강의 지류인 소양강의 수원(水源)을 이룬다. 능선은 완만한 편이나, 정상 일대는 좁은 협곡을 사이에 둔 3개의 암봉으로 이루어져 있으며 강원 제1의 전망대라고 할 만큼 조망이 뛰어나, 소양호를 비롯하여 북쪽으로 향로봉에서 설악산을 거쳐 오대산으로 힘차게 뻗어나간 백두대간 등 강원 내륙의 고산준령이 한눈에 보인다. 정상 부근에서는 소양호로 갈 수 있는 가삽고개가 있는데, 그 형태가 계단식 분지형으로 이루어져 있다. 북쪽 산록은 소양호에 미치고 동쪽 산록에 홍천광산이 있다. 산기슭에는 숲이 우거져 있고 갖가지 기암괴석이 즐비하며, 산 정상과 계곡에는 향토 수종인 참나무가 주종을 이루며 자라고 있다. 아래쪽에는 두릅나무/철쭉/싸리나무/산초나무 등 관목류와 약용으로 사용되는 피나물/애기똥풀/양지꽃 등 야생화가 서식하고 있다. 강원도에서 진달래가 가장 많이 피는 산으로도 유명하다. 1998년 가리산 자연휴영림으로 개장되어 통나무집/야영장/체육시설 등 편의시설이 있다. 휴양림 입구에는 높이 8m의 용소폭포가 있고, 주변에 스키장/온천/수타사/팔봉산 등의 관광지가 있다."
2211050100,"가리왕산은 태백산의 지붕역활을 하고 있으며 경사도가 완만한 등산로로 유명하다. 산 능선에는 고산식물인 주목, 잣나무, 단풍나무등 각종 수목이 울창하며 산삼등 많은 산약초가 자라고 있다. , 회동리 입구에는 자연휴양림이 조성되어 각종 편의시설이 설치되어 있고 등산로 산행시간은 총 6시간 정도 소요된다. 군립공원으로 지정, 개발계획에 있으며 숙암방면 입구는 약 4km 구간에 철쭉이 밀집 자생하고 있다."
2710070100,"가야산은 경남 합천군 가야면과 거창군 가북면, 경북 성주군 가천면 수륜면을 한몸에 품고있다. 우리나라 12대 명산중의 하나로 산세가 천하에서 으뜸이고, 지덕은 해동에서 제일이라 하여, 대한 8경에 속하는 명산이다. 가야산 지역이 옛날 가야국이 있었던 곳이고 이 산이 가야국에서 가장 높고 훌륭한 산이었기 때문에 자연스럽게 가야의 산이라 불렀다고 한다. 가야산은 소머리 같다 해서 우두산(산 머리의 큰 바위 아래에 소의 코라는 뜻의 우비정이란 샘도 있다) 이라는 이름외에 상왕산, 설산, 중향산 등으로도 불리워졌다. '택리지'에 기암괴봉을 불꽃에 비유하여 석화성(石火星)이라고 하였는데, 가야산은 보는 방향에 따라서 한송이 연꽃으로도 보였다가 서쪽으로 겹겹이 솟은 산봉우리 사이사이 또는 골짜기에 하얀구름이 잠기면 많은 섬이 떠 있는 바다가 된다. 해발 1천m가 넘는 고봉들이 불꽃처럼 솟아 있는 자태하며, 북에서 남으로 이르는 장쾌한 대덕유의 줄기와 아스라히 떠오른 구름위로 지리산을 볼 수 있는 조망, 홍류동천의 아름다운 계곡 등 장중하고 덕성스러운 모습을 곳곳에서 볼 수 있다.가야산 고스락에 서면 금오산, 팔공산, 비슬산이 보이고 화왕산, 자굴산이 보이는가 하면 가까이에 두무산, 오도산, 비계산, 조금 멀리에 백운산, 수도산, 대덕산 등이 보인다. 여기에 우리나라 3보 사찰중 하나인 해인사가 들어서고, 조선시대 때 강화도에서 팔만대장경을 옮겨온 이후 불교의 성지로 자리메김하였다. 근래에는 백련암에서 수도했던 성철 스님으로 인하여 더욱 유명해졌다."
1704060100, 
2140140100,"예로부터 수덕이 뛰어나 삼각산의 영광을 뒷받침한 경기 오악중 북악에 속하는 이 산은 지형적 특성으로 삼국시대에부터 전략적인 요충지로 6.25전쟁 때까지 치열한 격전이 있던 곳이다. 그런 연유로 산자락 설마치계곡 양쪽으로 영국군 전전비와 대한의열단 전적비가 세워져 있다. 바위 사이로 검은빛과 푸른빛이 동시에 흘러나온다 하여 감악(紺岳), 즉 감색바위라고 하였다. 또한 조선 명종때 구월산 청석골을 거점으로 활약하던 임꺽정의 중간거점이 있던 곳으로 그와 연관된 지명이 곳곳에 산재해 있다. 정상에는 현재도 군사시설이 있으며, 북한산 진흥왕 순수비와 유사한 일명 삐뜰대왕비 설인귀비가 위치해 있다. 이 비는 아직도 전쟁때 탄흔자국을 가지고 있으며 파주군 향토유적 제 8호로 지정되어 있다. 전체적인 산세는 암릉과 작은 암봉들이 조화를 이루고 있으며 간간이 절벽지대가 있으므로 주의를 요한다. 원래 감악사, 운계사, 범륜사, 운림사 등의 4개 사찰이 있었다는데 현재는 1970년 옛 운계사 터에 재창건한 범륜사만 남아 있다. 서울에서 그리 멀지 않으며, 의정부 북쪽 회천에서 양주시 남면을 지나 설마리를 거쳐 감악산 계곡을 따라 들어가면 높이 20여 미터에 달하는 운계폭포가 나온다. 폭포 뒤로 범륜사가 있고 그뒤로 전형적인 암산의 모습을 띤 감악산이 보인다. 맑은 날에는 개성의 송악산과 북한산이 보인다."
2607102300,"순창읍에서 10km의 가까운 거리에 있는 강천산은 호남의 소금강이라고 불릴 정도로 도처에 기봉이 솟아 있고, 크고 작은 수많은 바위 사이로 폭포를 이루고 있으며, 4km에 이르는 깊은 계곡과 계곡을 뒤덮은 울창한 숲은 자연 그대로의 아름다움을 고이 간직하고 있다. 원래는 생김새가 용이 꼬리를 치며 승천하는 모습과 닮았다 하여 용천산(龍天山)이라 불렸다. 또한 유서깊은 강천사와 삼인대 5층 석탑, 금성산성 등 문화유적이 산재하고, 비경이 많이 숨겨져 있다. 일명 광덕산이라고도 불리는 강천산은 1981년 국내에서 최초로 군립공원으로 지정된 곳이기도 하며, 길이 76m의 현수교가 지상 50m 높이에 설치돼 있어 웅장함을 더해주고 있다. 볼거리는 11월 초순에 절정을 이루는 단풍과 4월 초순에 만개하는 산벚꽃이 유명한데, 산 입구의 강천호 주변뿐 아니라 등산로 어디에서나 즐길 수 있다. 산 암봉 아래에는 887년(신라 진성여왕 1) 도선국사(道詵國師)가 세운 강천사가 있다. 이 곳의 석탑은 전라북도 유형문화재 92호로 지정되었고, 절 입구의 모과나무는 전라북도기념물 97호이다. 그 밖에 순창 삼인대(三印臺:전북유형문화재 27), 금성산성(金城山城:전북기념물 52) 등의 문화유적이 있다. 내장산(內藏山:763.5m)/백양사(白羊寺)/담양댐 등과도 가깝다."
2402020400,"계룡산은 백두대간에서 갈라져나온 금남정맥의 한 줄기를 이루는 산으로, 충남 공주시와 논산시의 경계를 이루고 있다. 산세가 마치 닭의 벼슬을 쓴 용의 형상을 했다고 해서 계룡산으로 불리게 되었다고 한다.계룡산은 조선조 초기에 씌어진 예언서인 〈정감록〉의 '왕도입지설'로 유명한 산으로,정상인 천황봉(天皇峰)을 중심으로 쌀개봉(830.6m), 관음봉(765.8m), 문필봉(735.6m), 삼불봉(777.1m), 연천봉(742.9m)이 주능선에 줄지어 솟아 있다. 계룡산 산자락 곳곳에 문화 유적이 산재해 있는데, 동북쪽에는 동학사가,서북쪽에는 갑사가,서남쪽에는 신원사 사찰이 자리잡고 있다. 특히 갑사에는 보물 제257호인 부도(浮屠)와 보물 제256호인 철당간 및 지주.보물 제478호인 동종(銅鐘)등의 문화재가 있으며, 〈월인석보〉를 찍어낸 목판도 소장되어 있다. 〈월인석보〉는 세종29년(1447년)에 간행된 〈석보상절〉과 세종 31년에 간행된 〈월인천강지곡〉을 합편하여, 세조가 1459년에 간행한 것이다. 상봉을 중심으로 동쪽에 동학사, 서쪽에 갑사, 남쪽에 신원사가 자리하여 현재까지도 보존되고 북쪽의 구룡사는 절터만 남아 있다. 계룡사에는 노루, 담비, 청설모, 황매화 등 희귀 동.식물 1227종이 서식하고 있으며, 계룡 8경으로 꼽히는 천황봉(일출), 삼불봉(설화), 연천봉(낙조), 관음봉(한운), 동학계곡(신록), 은선폭포(운무), 갑사계곡(단풍), 남매탑(명월) 등은 울창한 숲과 기암절벽을 더불어 장관을 이루고 있다."
2215064300,"남한에서 한라산(1947.3m) 지리산(1915.4m) 설악산(1708.1m) 덕유산(1614.2m)에 이어 다섯 번째로 높은 계방산은 겨울철 적설등반 산행지로 유명한 산이다.강원도 홍천군 내면과 평창군 진부면에 걸쳐 있는 광대한 산맥을 거느리고 있으나, 북동쪽으로 연결되어 있는 오대산의 명성에 가려 빛을 보지 못했던 명산이다. 높은 산이면서도 유순한 산세와 능선을 가지고 있으며 가을이면 온 산을 단풍으로 물들이고 겨울철에서 무릎이상 빠질정도의 적설량으로 등산인들의 사랑을 듬뿍 받고 있는 산이다. 산기슭에 있는 방아다리 약수는 위장병, 피부병에 효험이 있는데 메밀꽃 필 무렵 마시면 특효가 있다고 한다."
2216100300,"공작산은 강원도 홍천군 동면과 화촌면의 경계를 이루는 산으로, 공작이 날개를 펼친 듯한 산세에 암봉과 노송이 어우러져 한 폭의 동양화를 연상케 하는 산이다. 정상에서 서남쪽 능선을 따라 6km 산자락에 있는 수타사에서 노천리에 이르는 약 8km길이의 수타계곡은 암반과 계곡의 경치가 뛰어나 여름철 계곡 피서지로 이름난 곳이다. 정상에서 바라보면 홍천군 일원이 한눈에 들어오며, 풍치가 아름답고 깎아 세운 듯한 암벽이 장관을 이루는 곳이다.  정상에서 서남쪽 능선 약 6km 아래에 있는 수타사와 노천리까지 이어지는 약 8km의 수타계곡은 갖가지 멋진 바위들과 아름다운 풍경이 비할 데 없다. 산 정상에서 바라보면 홍천군 일원이 한눈에 들어오며, 봄에는 철쭉과 가을철에는 단풍이 노송과 함께 깍아 지른 듯한 바위와의 모습이 보는이의 마음을 사로잡고 눈덮인 겨울산 역시 등산객들을 매료시키는 곳이기도 하다."
1105040200,"관악산은 서울시 관악구와 금천구, 경기도 과천시와 안양시에 걸쳐 있어 북한산,도봉산과 더불어 누구나 쉽게 찾는 친근한 산이다. 멀리서 보면 온통 바위로 뒤덮여 있는 산세를 가진 관악산은 해발은 낮으나 등산로 곳곳에 위험한 암릉이 있어 조심해야 한다. 관악산은 예로부터 불의 산(火山)이라 하여 조선 태조가 궁터를 지금의 경복궁 자리로 옮길 때, 무학대사가 이곳은 관악산과 마주 보이는 자리로 관악산의 화기가 궁을 눌러서 내우외환이 끊이지 않을 것이라며 반대했지만, 정도전의 남쪽에 한강이 가로질러 있어서 영향이 없을 것이라는 주장을 받아 들여 지금의 경복궁을 창건하였다 한다. 그후 태종때 왕자의 난, 세조의 왕위 찬탈, 임진왜란, 병자호란, 그리고 경복궁에 발생한 수차례의 화재가 발생한 것을 풍수지리설로 해석하는 이도 있다. 대원군은 경복궁을 재건할 때 관악산의 화기를 누르기 위해 경복궁 정문인 광화문 앞에 바다의 신으로 상상의 동물인 해태 조각상을 만들어 세웠다. 관악산 연주대는 고려가 망하자 남은 유신 열 사람이 관악산 절에 숨어살며 경복궁을 바라보며 통곡을 했다 하여, 임금을 사모한다는 뜻으로 연주대(戀主臺)라 불려 지게 되었다 한다. 이성계가 연주암을 중창한 뒤, 태종의 두 아들인 양녕대군과 효령대군은 태종이 왕위를 셋째 충녕대군(세종)에게 물려줄 뜻을 알고 관악산에 입산하였다 한다. 예전에 관악산을 삼성산이라 부른 것은 신라의 고승 원효,의상,윤필이 이 산에서 세 승려가 일막,이막,삼막의 세 암자를 짓고 따로 수도하여 득도하였다 하여 붙여진 것으로 전해지고 있다. 임진왜란때 일막,이막은 소실되고 삼막사(三幕寺)만 남았다는 것이다."
2303020400,"세종식록지리지에 상주 삼명산의 하나라고 했을 정도로 빼어난 산세를 가지고 있다. 그래서 속리산이 아니면서도 속리산국립공원의 남쪽 경계에 포함되었다. 지금은 거의가 보은군 땅이다.  25번 국도를 타고가다 보면 금방 눈에 띄다. 군계일학인 까닭이다. 자락에는 시루를 엎어놓은 듯한 봉우리까지 있어 정말 신령스런 산이라는 생각이 들게 한다. 그래서인지 구령산(九靈山)이라고도 했다. 구병산은 충북 보은군과 경북 상주군의 속리산 국립공원 남쪽 국도변에 자리잡고 있다.  예로부터 보은 지방에서는 속리산의 천황봉은 지아비 산, 구병산은 지어미 산, 금적산은 아들 산이라 하여 이들을 '삼산'이라 일컫는다. 속리산의 명성에 가려 일반인에게는 잘 알려져 있지 않아 산 전체가 깨끗하고 조용하며 보존이 잘 되어 있는 편이다. 보은군청에서는 속리산과 구병산을 잇는 43.9km 구간을 1999년 5월 17일 '충북 알프스'로 업무표장 등록을 하여 관광상품으로 널리 홍보하고 있다. 6/25전쟁 때 폐허가 된 토골사 터가 있고 절 터 앞뒤로 수백년 생의 참나무들이 있다."
2805090900,"남해 금산은 남해섬을 대표하는 산으로, 한려해상국립공원이 말 그대로 거의 다 바다로 지정되어 있는데 유일하게 산이 해상 공원에 포함된 것이 금산이다.   금산은 비단을 두를 뻔한 산으로 유명하다. 금산의 본래 이름은 보광산(普光山)이다. 이성계가 왕이 되고자 보리암 아래 있는 '이태조기단'에서 백일기도를 드리면서 자신이 왕이 되면 이 산을 비단으로 덮겠다는 약속을 했다. 이성계가 조선을 개국한 뒤, 약속을 지킬 일을 생각하니 난감했다.  이때 사려 깊은 신하가 산 이름을 하사하면 비단보다 오래 갈 것이라고 제안해 이름을 비단 '금(錦)'자를 써 이전의 산 이름을 금산으로 바꿈으로 이성계는 자신의 약속을 절묘하게 지킬 수 있었다고 전해지고 있다.   매표소에서 보리암으로 이어지는 등산로 왼편으로 사선대가 올려다 보인다. 사선대는 먼 옛날 동서남북의 네 신선이 조그만 암봉에서 놀았다는 곳이다. 사선대 맞은편에는 절벽을 이룬 웅장한 바위는 만장대이다."
2307050900,"금수산, 이름 그대로 비단에 수를 놓은 듯한 모양을 하고 있다. 월악산 국립공원권 최북단에 위치한 이 산의 이름은 본래 백악산이었다. 조선조 중엽 퇴계 이황 선생이 단양 군수로 있던 시절, 너무도 아름다운 경치에 감탄해 금수산으로 이름을 고쳐 부르게 되었다고 한다.특히 가을 경치가 빼어난 아름다운 암산으로, 봄속에 겨울을 만날 수 있는 신비한 산이다. 매년 4월초까지 얼음이 얼다가 처서가 지나면 얼음이 녹는 얼음골에는 돌구덩이를 30cm정도 들추면 밤톨만한 얼음 덩어리가 가을까지 나오고 있어 자연의 신비감을 더해준다. 금수산 주능선은 상어 이빨을 연상케하는 암릉길로 스릴 만점이다.  산 중턱에는 바위틈에서 한해나 장마에도 꾸준한 물줄기를 뿜어내고 있어, 산을 찾는 이들의 목을 축여주고 있다. 발길마다 눈길마다 은은히 차고 도는 풍경에 취해 걷다 보면, 어느새 산 정상. 그곳에서 내려다 보면 다소곳이 트인 산세와 충주호의 푸른 물이 어우러져 은은한 채색이 베인 화선지 위에 선 기분이 든다."
2704390100,"구미역에서 남서쪽으로 약 4km 떨어져 우뚝 솟은 금오산은 1970년 도립공원으로 지정된 산이다. 산 전체가 바위로 이루어져 기암절벽과 경사가 심한 산세를 이루고 있으며, 산아래 대혜폭포까지 케이블카가 설치되어 있다."
2810040200,"부산시의 동래온천 북쪽 4km되는 곳에 있으며, 일부는 경남 양산군에 속해 있다. 무한의 보고인 바다와 더불어 산자락은 풍요로운 삶의 터전이 되고 있는 부산의 모산이기도 하다. 산세는 능선이 완만하게 뻗어내려 요란스러움이 없고, 고담봉을 비롯하여 부채바위,나비바위,대륙봉 등 암장이 있으며, 능선 언저리에는 곳곳에 억새 밭이 있고 날등 어디서 보나 낙동강과 부산시내를 내려다 볼 수 있어 가슴이 후련하다.   고당봉,의상봉,상계봉,서문을 연결한 날등에는 외침을 대비한 조선 숙종 29년에 쌓은 국내 최대규모의 금정산성이 자연석으로 축조되어 있고, 동쪽 산록에는 대찰 범어서와 많은 암자가 있다. 범어사는 합천 해인사, 양산 통도사, 순천 송광사, 구례 화엄사와 더불어 우리나라 5대 사찰 중의 하나로 많은 불교 역사유적을 간직한 유명한 사찰이며 인근에금강공원과 동래온천이 있다.  산정에는 높이 3장(丈:1장은 10자) 정도의 돌이 있고 샘은 둘레가 10여 자[尺]이고 깊이가 7치[寸]로서 늘 물이 차 있으며 가뭄에도 마르지 않고 금빛이 났는데, 금색 물고기가 5가지 색의 구름을 타고 하늘에서 내려와 그 샘에서 놀았다는 전설에서 산이름이 유래되었다고 전해진다."
2612140500,"전라남도 신안군 흑산면 홍도리에 위치하고 있는 홍도는 대흑산 본섬의 부속 도서로서 다도해 해상 국립공원으로 매가도라고도 한다. 홍도는 본 섬을 비롯한 20여 개의 부속 섬이 절정을 이루어 남해의 소금강으로 불린다. 그 중에서 녹섬의 해돋이는 가히 장관이 아닐 수 없다. 파도와 바닷물이 출렁거리는 가운데 2개의 바위 사이로 해가 떠오른 광경은 말로 표현할 수 없을 정도로 아름답다. 여기에 덧붙여 홍도의 낙조 또한 놓칠 수 없는 비경이다. 어미섬의 주봉인 깃대봉(해발 367m)과 남쪽의 깃대봉 주변에는 아름드리 동백나무 숲, 후박나무, 식나무 등 휘귀식물 5백여종이 있으며 2백여 종의 동물과 곤충이 함께 서식하고 있다.  깃대봉 산행은 가파르기 그지 없고 철쭉,동백등 이름모를 나무들이 온통 빽빽이 자라고, 주봉에 닿으면 뾰족한 모양이 마치 바늘같다.  남서로 양상봉의 연봉이 한 폭의 동양화를 펼쳐 놓은 듯하고 동쪽으로는 설풍서전의 울창한 숲이 장관이다."
2702090600,경주 남산은 곧 신라라해도 과언이 아니다. 그만큼 신라 건국에서부터 멸망에 이르는 동안의 수많은 유적과 신라를 지탱해 온 불교유적의 보고이다.  신라의 건국설화에 나오는 나정(羅井)에서부터 종말기의 포석정이 남산 기슭에 자리잡았다. 그 사이의 시간 간격이 900년이다.
2724130500,"보경사와 청하골 계곡으로 유명한 내연산은 상생폭포, 관음폭포, 연산폭포 등 12개의 폭포를 거느리고 있는 산으로 산 전체가 거의 육산으로 완만한 능선으로 이어져 있다.  내연산 산행 들머리는 유서 깊은 보경사로 이 절은 신라 진평왕 25년에 지명법사가 창건하였다고 한다.지명법사가 진나라에서 유학하고 돌아올 때 신비한 팔면경을 가져와 진평왕에게 진언, 내연산 아래 큰 연못에 거울을 묻고 그 위에 금당을 세운 뒤 사찰을 세워 보경사라 이름을 지었다고 한다."
2514380500,"그 산 밖에서 볼 수 없는 천하의 명승을 그 산의 내부에 숨기고 있다' 는 뜻의 이름을 지닌 내장산. 기암절벽, 계곡, 폭포와 단풍 등 산이 갖춰야 할 품세를 빠짐없이 갖춘 천혜의 가을산이다. 내장산은 전북 정읍시와 순창군의 경계를 이루는 산으로 천하 제일의 단풍 명소로 손꼽히고 있다. 내장사 경내에 있는 정혜루기에 의하면 내장산은 구례의 지리산, 영암의 월출산, 장흥의 천관산, 부안의 능가산(변산)과 더불어 호남의 5대 명산의 하나로 기록돼 있다. 말발굽 형태로 이루어진 능선에 기기묘묘하게 솟은 기암절벽과 울창한 단풍숲이 어우러져 가을철이면 단풍 산행지로 각광을 받고 있다."
2404170800,"큰 두메의 산'을 뜻하는 대둔산은 전북과 충남 두 도에 걸쳐있는 도립공원이다. 특이하게도 대둔산은 두 얼굴을 지니고 있다.  주능선을 경계로 완주군 방향인 남쪽은 바위 얼굴이고, 북쪽은 순후한 시골 아낙네의 얼굴을 한 금산군과 논산시의 얼굴이다. 남면의 전북 지역은 가파른 비탈에 기암괴봉이 숲처럼 솟아 있어 아기자기하고 멋스러운데 비해 북면의 충남 지역은 울창한 숲이 우거져 장중해 보인다.  경관이 뛰어나서 소금강이라 불리기도 하는데, 멀리서 바라보면 늘어 선 암벽이 마치 한 폭의 병풍을 연상케 한다. 그리 높지 않은 산이지만 정상인 마천대를 기점으로 충남 논산시,금산군 그리고 전북 완주군에 산자락을 펼치고 있다. 이 산은 임금바위,장군봉,동심바위,신선바위등 온통 바위로 이루어져 있으며, 이 중에서도 임금바위와 입석대를 잇는 높이 70m, 길이 50m, 폭 50cm인 금강구름다리와 삼선구름다리는 대둔산의 상징이기도 하다."
2210050800,"대암산 정상 부근에는 큰 용늪, 작은 용늪이라 불리는 고지습원이 있는데, 작은 용늪은 이미 그 원래의 모습을 상실하여 숲으로 변해버리고 말았다. 큰 용늪은 우리나라에서 유일한 고지습원으로 연중 안개끼는 날이 많은 특수한 환경이 조성되고 있어 생태계 연구에 좋은 자료를 제공하고 있다.  큰 용늪에는 물이끼, 삿갓사초, 꼬리조팝나무, 꽃쥐손이풀 등의 식물군락이 있으며, 손바닥 난초, 비로용담, 끈끈이주걱 등의 희귀식물도 자라고 있다. 그 밖에 식물성 플랑크톤 63종, 돌말 19종과 천연기념물인 산양과 검독수리가 관찰된 바 있으며, 도룡뇽, 무당개구리, 줄흰나비 등도 볼 수 있다. 또 이 지역과 연결된 두타연계곡에서는 열목어를 비롯한 특산 어류 10여 종이 살고 있다.  대암산/대우산 천연보호구역은 분지/습원등 지형적으로 다양한 특징을 지니고 있고, 기후조건이 특이하여 희귀동식물이 자라고 있다. 또한 동식물의 남북한계/동서 구분의 현상이 나타나는 등 식물생태학/식물지리학적/식물분류학적 연구가치가 매우 큰 지역일 뿐만 아니라 다양한 동물상, 특이한 지형/지세 및 기후적 특성 등 다양한 자연 환경을 가지고 있어 학술적 가치가 크므로 쳔연기념물로 지정/보호하고 있다."
2707010800,"대야산은 백두대간에 자리잡고 있으면서 대간능선이 꿈틀이고 지나며 아름다운 보석들을 흩뿌려 놓은 문경의 산들 중에서도 그 명성을 높이 사고 있는 명산이다. 경북 문경시(聞慶市) 가은읍(加恩邑) 완장리(完章里)에 속한 대야산은 대간 마루금을 경계로 충북 괴산군(槐山郡) 청천면(靑川面) 삼송리(三松里)와 접하고 있다. 내/외선유동을 거느리고 있는 대야산은 2002년 세계 산의 해를 맞아 문경의 주흘산, 황장산, 희양산과 함께 산림청에서 선정한 한국 100대 명산에 올라서 있다. 예로부터 명산으로 받들어 온 대야산은 여러 기록들에 ‘大耶山’으로 적고 있으며 특히 철 종 조의 대동지지[(大東地志(1861년 이후 추정)]에는「大耶山 曦陽山南支上峯曰毘盧爲仙遊 洞主山西距淸州華陽洞三十里(희양산남지상봉왈비로위선유동주산서거청주화양동삼십리: 대야산은 희양산의 남쪽 갈래로 제일 높은 봉우리가 비로봉이고, 선유동의 주산이다. 서쪽의 청주 화양동이 30리다)라고 기록하고 있어 대야산 정상을‘비로봉(毘盧峯)’으로 부르고 있음을 알 수가 있다."
2412050400,"충남 예산에 자리잡은 덕숭산은 기기묘묘한 형상의 괴석들이 많아 절묘한 산세를 뽐내며 1973년 3월 6일 도립공원으로 지정되었다. 호서의 금강산이라 불릴 만큼 아름다운 경관을 갖추고 있는데다 아담한 산세 곳곳에 유명한 암자들이 배치되어 있어 찾는 이들의 발길이 끊이지 않는 곳이다.  그 중 비구니의 도량으로 알려진 수덕사는 고려 충렬왕 34년(1308)에 창건된 사찰로 국보 제 49호로 지정된 대웅전이 있는데 이 건물은 무량수전과 더불어 현존하는 목조건물 중 가장 오래된 것이다. 부처님의 진본사리가 안치된 황화루를 비롯, 김일엽 스님의 거쳐였던 환희대, 만공스님을 기리기 위한 미륵불상등 수행의 역사를 조망할 수 있는 흔적들이 눈길을 끈다. 수덕사와 창건연대가 같은 정혜사는 구한말에 만공 스님이 한국 선불교를 중흥시킨 곳으로 청방, 정강, 용성 등의 대스님이 거쳐갔던 명소다. 덕숭산은 이밖에도 만공탑, 여승당, 보덕사 등 많은 문화재를 간직하고 있으며 주변에 온천이 있어 배낭 하나 메고 가볍게 떠날 수 있는 가족 나들이 코스로 손색 없는 산이다."
2505040700,"덕유산은 전북 무주군과 장수군, 경남 거창군과 함양군의 경계를 이루며, 2도 4군 8개면에 걸쳐있다. 한라산.지리산.설악산에 이어 남한에서 4번째로 높고 1000미터 이상의 봉우리가 20개도 넘는 거대한 산이다.  덕유라는 이름은 덕이 있고 크며 넉넉한 산의 모습을 나타낸 말이다. 무학대사가 골치아픈 정권에서 벗어나 첩첩산중 경치 아름다운 산을 물색하다가 발견했다는 산이 바로 덕유산이다."
2214180500,환선굴'로 유명해진 덕항산은 강원도 삼척시 신기면에 자리해 있다.  이 산은 동남으로 펼쳐진 병풍암을 비롯하여 깎아놓은 듯 반듯한 암석과 거대한 암벽들이 수려한 산세를 이루며 동으로는 오십천으로 합류하는 12km길이의 무릉천이 흐르고 있어 산행하기 적합한 곳이다.
2307083702,"우암 송시열 선생이 ""도를 깨닫고 스스로 즐길 만한 곳이다"" 해서 도락산이라 명명한 이 산은 경북과 충북의 도경계선에 근접해 있다.  월악산국립공원권에 속해 있는 산으로, 충북 단양군 단양읍과 대강면의 경계를 이루고 있으며 도락산 산자락에는 단양 8경 중 4경인 사인암,상선암,중선암,하선암 등이 있어 관광의 보고이기도 하다."
1110010100,"도봉산은 서울 근교의 산으로 예로부터 북한산과 하나의 산으로 취급되어 왔다. 우이령을 경계로 북한산과 나란히 솟아 있어 현재 두 산을 북한산국립공원에 함께 포함시키고 있다. 북한산 면적 55㎢에 비해 도봉산은 약 24㎢로 절반에 불과하나 산세가 아름다워 등산객이 끊이지 않는 곳이다. 주능선상에는 최고봉인 자운봉을 비롯해 만장봉, 선인봉, 주봉 등의 암봉과 서쪽으로 다섯개의 암봉이 나란히 줄지어 있는 오봉이 있다. 선인봉, 만장봉, 주봉, 우이암은 각기 거대한 암벽들이다. 도봉산은 우람한 기암괴석과 뾰족히 솟은 암봉들이 장관을 이루며, 사방으로 뻗은 계곡을 따라 녹음이 우거져 명소를 만들고 있다. 사계절 모두 즐겨 찾는 산이지만 가을이면 단풍의 물결이 여느 산 못지 않다. 도봉산의 3대 계곡은 문사동계곡, 망월사계곡(원도봉계곡), 보문사계곡(무수골) 이다. 이 계곡들이 바로 산행기점과 연결된다. 도봉산은 등산코스가 다양한데 그 중에서 우이동, 도봉유원지, 망월사역(장수원), 성황당 코스가 대표적이다.  도봉산의 주봉은 자운봉(740.2m)으로, 정상을 기점으로 등산로가 사방으로 거미줄 같이 수십 가닥이 펼쳐져 있다. 모두 합쳐 100여개의 산행 코스가 있다. 그 중 도봉산 등산로의 핵심은 포대능선으로, 이 산의 등뼈를 이루는 포대능선-자운봉-칼바위-우이암 능선으로 이어진다. 포대능선은 능선 중간에 대공포진지인 포대(砲臺)가 있었다고 해서 붙여진 이름이다. 도봉산 산행 들머리는 수 없이 많지만 크게 분류하면, 안골유원지, 회룡사입구, 원도봉유원지, 도봉유원지, 성황당, 우이동, 송추 7개 코스를 꼽을 수 있다. 빼어난 암릉미를 자랑하는 도봉산은 어느 코스이든 바위 암릉이 곳곳에 도사리고 있어 주의가 필요하다. 수도권 등산객이 많이 몰리는 휴일에는 주능선인 포대능선 등에 정체 현상이 벌어질 정도로 붐빈다. 갈림길이 무수히 많아 길을 잃을 수 있으므로 사전에 지도를 꼼꼼히 챙겨야 되는 산이다."
2621041300,한반도의 최남단에 위치한 두륜산(700m)은 백두대간에서 뻗은 호남정맥이 바다에 이르면서 마지막으로 솟아 오른 산이다.  전남 해남군 삼산면과 현산면의 경계를 이루는 산으로 일명 대둔산(大芚山)이라고도 불린다. 임진왜란 당시 전국의 산야를 누비며 왜적을 몰아낸 서산대사는 이곳 두륜산을 '만고에 깨지지 않고 삼재가 미치지 않는 산' 이라 했다. 삼재가 들지 않는다는 것은 홍수나 재해에서 안전하다는 뜻이다.  실제로 두륜산은 북으로는 월출산이 하늘을 받쳐주고 남으로는 달마산이 지축을 맺어 주고 있어 옛 조상들로부터 풍수지리적으로 인정받은 산이다. 상상의 산이며 산의 조종으로 알려진 곤륜산과 백두산에서 연유했다는 뜻에서 두 산의 한자씩을 따 두륜산이라 이름 지었다고 한다.
2204151100,"두타산은 부처가 누워있는 형상으로 박달령을 사이에 두고 청옥산과 마주하고 서 있다. 울창한 수림과 기암절벽에 노송이 뿌리를 내려 산세가 수려한 두타산은 강원도 국민관광지 1호로 지정돼 있다.  두타산의 '두타(頭陀)'란 '속세의 번뇌를 버리고 불도를 닦는 수행'을 말한다. 이는 두타산이 불교와 인연이 깊은 불교의 도량임을 미루어 짐작할 수 있다. 지금은 삼화사,관음암,천은사가 남아 있지만 10여개의 사찰이 있다는 옛기록으로 보아 무릉계는 불교가 크게 번성했던 두타의 도량이었던 같다."
1401990600,"우리나라에서다섯번째로 큰 섬인 강화도에는 고려산, 혈구산, 진강산, 마니산 등 400m 이상의 4개산이 남북으로 일직선상에 솟아 있는데 그 중 제일 높은 산이 마니산이다. 〈고려사〉〈세종실록지리지〉〈태종실록〉 등 조선 초기에 발간된 문헌에는 머리산, 우두머리산이란 뜻의 마리산(摩利山) 또는 두악(頭嶽)으로 쓰여 있다. 그래서 지금도 마리산이라는 이름을 혼용해서 사용하고 있지만, 오랫 동안 마니산이라 불러왔는데 새삼 마리산이라고 하여 혼동을 줄 필요는 없을 것같다.  마니산은 비교적 낮고 수도권에 가까운 거리에 있어 친정을 찾는 기분으로 편하게 찾을 수 있다. 해발이 낮더라도 주능선이 암릉으로 되어 있으니 등산의 묘미도 한껏 만끽할 수 있는 산이다.  동남으로 가느다랗게 뻗은 능선을 따라 오르다 보면 망망한 서해를 조망할 수 있다. 조국순례 안내판이 있는 '개미허리'에서 98개의 계단길을 올라가면 사적 제 136호인 '참성단'(塹星壇)을 만날 수 있다. 이곳에서 매년 개천절과 전국체전때마다 성화가 채화된다. 참성단은 단군 왕검 재위 51년(BC2283년)에 운사(雲師)인 배달신(倍達臣)이 마리산에 쌓은 제단으로, 〈삼국사기〉에 의하면,고구려.신라.백제의 여러 왕들이 이 곳에서 하늘에 제사를 지냈다. 고려 공민왕 때와 조선 인조.숙종 때 각각 보수되어 현재 이른다. 이 단은 화강석을 쌓아올려 만든 것으로, 밑부분은 둥글고 윗부분은 사각형이며, 높이가 총6m에 달한다. 참성단 위에 오르면, 동쪽으로 정상이 손에 잡힐 듯 가깝게 보이고, 남쪽 아래로는 푸른 물결이 넘실거리는 넓은 바다가 발아래로 펼쳐지고, 동남쪽 멀리 인천시가지가 아득히 보인다.  정상 서쪽 산기슭에는 신라 선덕여왕 8년(639년)에 창건했다는 정수사와 함허대사(涵虛大師)가 수도하였다는 함허동천이 자리잡고 있다. 함허동천에는 1백여m의 암반위로 물이 흐르고, 암반에는 함허대사가 새겼다는 '涵虛洞天'(함허동천)이란 글자가 음각 되어 있다. 외침을 자주 받았던 고려가 부처의 힘으로 나라를 지켜 보려고 강화도에서 크게 불사를 펼쳤던 까닭인지 강화도에는 내력 있는 절이 많다."
2515021000,"마이산은 옛날 용출산, 동금산 등으로 불려 오다가 이조때 태종이 말 귀를 닮았다고 한 뒤부터 마이산이라 칭하게 됐다. 재미있는 것은 마이산은 바라보는 방향에 따라 그 모습이 달라 보인다는 것이다.  그래서 마이산의 기이한 모습과 특이한 경관 때문에 여러 가지 이름을 갖고 있다. 붓끝같다해서 문필봉, 바위가 많아서 개골산, 방향을 달리해 보면 돛대를 닮아 돛대봉, 용의 뿔 같다해서 용각봉 등으로 불려진다.  마이산은 동서로 큰 암수봉우리 두개가 있다. 동편 숫봉우리는 거대한 남성을 닮았다 하여 서다산(西多山)이라는 옛 이름도 지니고 있는데, 강한 양기를 품고 있어 산길이 험준하여 등산을 할 수가 없다. 서편에 있는 암마이봉은 나긋나긋하게 손짓하는 여성처럼 많은 등산객을 맞이하고 있다. 마이산에서 북쪽으로 흐르는 물은 금강 물줄기를 이루고, 남쪽으로 흐르는 물줄기는 섬진강으로 흐른다. 그 흐름이 반원을 그리고 있어 마이산은 금강과 섬진강의 분수령이 되고 있으며 두 강의 물줄기는 마이산을 중심으로 태극을 이루고 있다.  마이산은 조선을 개국한 이성계와 인연이 깊은 산이다. 이성계는 마이산을 속금산(束金山)이라 불렀다. 일찍이 큰 꿈을 품었던 이성계는 금산 등 전국 각지의 명산을 찾아 기도를 올렸는데, 기도가 끝난 어느 날 밤 꿈에 신이 나타나 금척(모든 제도의 표준임을 말하며를 마음대로 헤아리도록 하라"" 라고 했다 한다. 그 뒤 고려 우왕 6년(1380년) 고려의 장군 이성계는 전라도 운봉땅 황산에서 왜구를 무찌르고 개선 길에 마이산을 보고 놀랐다. 꿈에 신에게서 금척을 받은 장소가 바로 마이산이기 때문이었다."
2212010400,"명성산은 서울에서 동북으로 84Km, 운천에서 약 4Km 거리에 위치해 있다. 산자락에 산정호수를 끼고 있어 등산과 호수의 정취를 만끽 할 수 있는 산이다. 일명 '울음산'이라 불리기도 하는데 거기에는 안타까운 전설이 전해 내려오고 있다. 신라의 마지막 왕자인 마의태자가 망국의 슬픔으로 이 산에서 통곡을 하자 산도 따라 울었다 한다. 나라를 잃은 슬픔을 산도 알았을까. 그런 연유로 '울 명' '소리 성'자를 붙여 명성산으로 불리게 되었다는 것이다.  산전체가 암벽으로 이루어져 산세가 당당하고 가파르며 가을이면 억새풀이 장관을 이룬다. 암릉과 암벽이 같이 형성된 산이라서 사시사철 다양한 풍경을 연출해 등산객들로 하여금 철따라 다른 느낌을 느끼게 해 준다. 정상은 민등봉이나 전망이 매우 좋으며, 남쪽으로 이어진 12봉 능선의 모습이 장쾌하다. 능선에서 우거진 억새풀밭을 오르락내리락 하는 사이에 지루한 줄 모르고 걷게 된다."
2101021300,"경기도에서 화악산(1,468.3m)에 이어 두 번째로 높은 명지산은 정상을 오를 수 있는 산으로는 최고봉이다. 거대한 산맥을 이룬 명지산은 산 크기만큼이나 등산로도 많이 있으나 어느 길이나 정상까지 3시간 이상 소요된다. 서울에서 가까운 곳에 있으면서도 아직 오염되지 않은 깨끗한 계곡과 울창한 수림을 간직하고 있다.  가평천을 사이에 두고 화악산과 마주보고 있는 명지산은 정상을 기점으로 사방으로 산자락을 펼치며, 귀목봉, 사향봉, 백둔봉 등을 거느리고 있는 웅장한 산이다. 명지산의 울창한 수림은 일상에 지쳐 산을 찾는 이들을 포근히 감싸안는데 그 깊이를 가늠할 수 없다.  사계절이 다 아름다운 명지산은 특히 봄에는 진달래와 쩔쭉이 온산에 흐드러져 봄날의 산행을 즐기는 이들을 황홀경에 젖게 만든다. 가을 단풍은 가평 팔경 중 제 4경으로 지정 되었다. 우리나라 가을 산은 어디나 아름답지만 명지산의 단풍은 수십년 묵은 고목과 기암괴석들과 조화를 이루어 더욱 더 깊이를 더 한다. 또한 겨울에는 적설량이 많아 설화가 장관을 이뤄 겨울산행을 나선 이들을 반긴다.  명지산 입구인 익근리에서 약 1Km가량 올라가면 규모가 작은 사찰인 승천사가 나타나고, 이어서 2Km가량 더 가면 등산로 왼쪽으로 높이 6m에서 시원한 물줄기가 쏟아 내리는 명지폭포를 만나게 된다. 한여름 불볕더위도 식혀 버리는 명지폭포 아래 깊은 웅덩이는 옛날에 명주실 한타레가 다 들어갈 정도로 깊어 명지폭포로 이름이 붙여졌다 한다."
2503060700,"모악산은 전라북도 김제시 금산면과 전주시 완산구와 완주군 구이면의 경계를 이루는 산으로 호남정맥에 솟아 있다. 예로부터 호남사경의 하나인 '모악춘경'으로 유명한 모악산은 봄이면 온 산을 벚꽃으로 뒤덮는다. 특히, 금산사에 이르는 벚꽃 길은 바람 불어 꽃잎이 휘날리면 마치 눈이 내리는 듯한 환상에 빠질 정도로 화려하다. 그러나 모악산이란 이름에서 알 수 있듯이 '악'자를 품고 있는 이 산의 산행은 결코 만만치 않다. 구이쪽에서 정상을 향해 오르는 길은 특히 험하여 정상을 얼마 남겨두지 않을 무렵에는 웬만큼 산에 단련이 된 사람이라 할지라도 숨이 턱에 차 오른다. 모든 산이 그렇듯 모악산 역시 마지막 고비와의 힘겨운 줄다리기를 치른 후에야 비로소 정상에 오르는 기쁨을 맛볼 수 있다. 정상에 오르면 전주시내와 호남의 넓은 들판이 한눈에 들어와 보는 것만으로도 풍요로운 마음이 드는 호남평야의 전경을 마음껏 즐길 수 있다. 김제쪽으로 하산하는 길은 비교적 수월해 쉬엄쉬엄 주위의 경치를 감상하며 내려오면 된다. 비록 800m도 채 안되는 모악산이지만 덩치와는 다르게 구비구비에 다양한 풍경들을 연출해 산행하는 이들의 시선을 즐겁게 한다. 1971년 도립공원으로 지정된 이 산은 미륵신앙과 많은 연관을 가지고 있어 산자락 곳곳에 이와 관련된 흔적이 많이 남아있다."
2622132600,"광주시가지에서 동쪽으로 불과 10km 거리에 자리하고 있는 무등산은 도립공원으로 지정되어 있다. 산의 형세가 험하지 않고 대부분이 흙으로 이루어져 있어 누구나 쉽게 오를 수 있으며, 곳곳에 맑은 물이 흐르고 있다. 특히 산위에는 서석대, 규봉, 입석대등의 웅장한 바위들이 있으며 산기슭과 중턱에는 약사암, 증심사, 원효사 등의 이름난 절들이 자리잡고 있다. 1972년 도립공원으로 지정되었으며 산 아래에는 각종 놀이 및 편의시설이 들어서 있다."
2806020900,백두대간의 끝자락인 지리산 삼신봉에서 시작되는 낙남정맥의 상좌격인 무학봉은 마산의 진산(鎭山)으로 마산만과 진해만을 굽어보며 바다를 향해 학이 날개를 펼친 듯 아름다운 형상을 하고 있다.  명산이 갖추어야 할 면모를 두루 갖추고 있는 이 산은 바닷가에 위치한 산답게 시원한 조망을 만끽할 수 있으며 주능선 등로엔 억새밭과 암봉 전망대가 있어 편안한 느낌을 준다.  대곡산 아래쪽에는 `만날고개'가 있는데 이곳은 가정형편이 어려워 댓가를 받고 시집 보낸 딸을 그리워하던 어미와 그 딸이 그리움을 참지 못해 고갯마루에 올랐다가 우연히 만났다는 애틋한 전설이 전해지는 고개다. 무학산의 옛이름은 풍장산이었는데 신라말 최치원이 이곳에 머물면서 산세를 보니 학이 나는 형세같다하여 무학산이라 불리우게 되었다한다.
2816111100,"통영시 서남단의 미륵도에 위치한 야트막한 산이나 미륵신앙의 본거지로 불교인들 사이에는 꽤 알려진 산이다. 그래서인지 이 작은 산에는 용화사, 관음사, 도솔암, 미래사 등 크고 작은 사찰과 암자가 많다.  또 임해봉(臨海峰)이라는 이름의 정상은 지난날 봉화대로서 다도해를 지킨 역사적 장소로도 기억될 만 하다. 미륵산은 한국 제일의 미항이며 충무공이 왜적을 격파한 전승지로 유명한 통영과 국내 유일의 해저터널로 연결되어 있다. 일명 `판대굴'로 불리는 이 해저터널은 일제시대 일본인이 건설한 것이나 예측된 수명을 넘어 지금도 사용되고 있어 당시 일본의 기술력을 짐작할 수 있는 표본으로 각광받고 있다.  정상에 오르면 비진도, 거제도 , 한산도, 칠천도 등 한려수도를 보석처럼 장식하는 크고 작은 섬들을 한 눈에 조망할 수 있어 그 아름다움에 당황할 정도이다."
2304021500,"민주지산(1,241.7m)은 추풍령 남서쪽 약 25km 지점에 있으며 산행의 기점은 정상의 동북쪽 방향인 한천마을과 남쪽 아래의 대불리로 크게 나눌 수 있다. 삼도봉, 석기봉이 명소이며, 석기봉 동쪽에는 원시숲과 화전민터가 있어 옛 주민들의 생활상을 엿볼 수 있고, 물한리에서 멀지 않은 곳에는 1972년에 지은 황룡사가 있다.  석기봉과 삼도봉으로 이어지는 주능선은 봄이면 온통 산죽과 진달래가 군락을 이뤄 꽃산행을 즐기게 된다. 다른 산의 진달래가 무리지어 군락을 이루는데 반해 이 곳 진달래는 능선을 따라 도열해 있는 것이 특징이다.  물한계곡을 끼고있어 심산유곡으로 아직도 때묻지않은 계곡이 돋보이며, 각종 잡목과 진달래 철쭉 등이 꽉 들어차 장관을 이루고 있다. 옥소(玉沼) 응주암 의용곡폭포 등이 절경을 이루며, 삼도봉에는 충북, 경북, 전북 등 3도인이 모여 세운 3도봉 대화합탑이 있다."
2501100600,"방장산은 전북 정읍시와 고창, 전남 장성의 경계에 솟아 있다. 내장산의 서쪽 줄기를 따라 뻗친 능선 중 가장 높이 솟은 봉우리이다.  지리산 무등산과 함께 호남의 삼신산으로 추앙받아 왔으며 주위의 이름난 내장산, 선운산, 백암산에 둘러싸여 있으면서도 기세가 눌리지 않는 당당함을 자랑하고 있다. 방장산 중턱에는 방장산 자연휴양림이 위치하고 있다.  2000년 7월 1일 문을 연 것으로 서부지방 산림관리청(전북 남원 소재)에서 순창 회문산 자연휴양림, 무주 덕유산자연휴양림, 진안 운장산자연휴양림, 장흥 천관산자연휴양림, 함양 지리산자연휴양림, 남해 편백자연휴양림과 함께 방장산휴양림을 관리하고있다. 휴양림 내에는 참나무류와 소나무, 편백, 낙엽송, 리기다소나무 등이 많이 자라고 있으며, 고창 방면으로 난 임도를 따라가면 벽오봉(640m)과 고창 고개 중간의 능선에 닿는다. 이곳에서는 고창 읍내와 서해바다가 내려다보인다. 고창고개를 지나 장성갈재 방면으로 조금 더 가면 방장산 정상이다.  방장산 정상에 오르면 신선지경에 이르며 고창읍을 비롯하여 광활한 야산개발지와 멀리는 서해바다가 보이며 동쪽으로는 광주 무등산까지 보인다.휴양림에서 정상까지는 왕복 3시간이 소요되며 석정온천으로 곧장 하산하는 산길도 나있다.  주능선에 오르면 서해로부터 불어오는 시원한 바람을 맞이할 수 있는데 이 덕분에 패러글라이딩 동호인들이 종종 이곳을 찾기도 한다. 정상 서편 용추골에는 용추 폭포가 있으며 하산지에는 게르마늄 천으로 유명한 석정온천이 있어 피로회복에 더없이 좋고, 고창은 전통음식으로도 유명한 고장이다."
2210011400,"국내 최대의 면적을 자랑하는 자연휴양림을 거느리고 있는 방태산은 강원도 인제군과 홍천군의 경계를 이루는 산으로, 교통이 불편한 관계로 아직도 오염되지 않은 깨끗한 계곡을 간직하고 있다.   청정한 자연림에 들어서면 도심에서 불과 몇시간 거리밖에 떨어져 있지 않다는 사실이 믿어지지 않는다. 빽빽한 나무들 사이에 누워 하늘을 올려다보면 한줄기의 햇살도 허용하지 않는 수림의 깊이가 느껴진다."
2215081700,백덕산은 이름 그대로 하얀 눈이 쌓였을 때 절경을 이루는 산이다.  겨울이면 무릎까지 빠지도록 많은 눈이 내린다. 1천m 이상의 주능선 봉오리마다 피어나는 설화(雪花)가 은백색의 세계로 빠져드는 환상을 느끼게 한다.
2617051500,"백암산은 드넓은 호남평야를 마주하고 솟아오른 높이 741.2m의 산으로 내장산 국립공원에 속한다.  옛부터 봄이면 백양, 가을이면 내장이라 했듯이 산하면 내장, 고적하면 백암이라 할 정도로 백암산의 절경은 내장산에 뒤지지 않는다. 백학봉과 상왕봉, 사자봉, 등의 기암괴석이 곳곳에 있으며, 산세가 험준한 편이다. 특히 비자나무숲과 회색 줄무늬 다람쥐가 유명한 이곳에는 대한 불교 조계종 18교구 본산인 대사찰 백양사도 있다."
2604100800,"백두산에서 시작되는 백두대간은 동해안 따라 뻗어 내리다 강원도 태백 피재에서 남서 향으로 방향을 틀어 한반도의 내륙을 따라 남해안으로 달려간다. 백운산은 백두대간에서 뻗어 나온 호남정맥이 남해바다로 잠들기전 마지막 힘을 다해 밀어 올린 산으로, 호남정맥의 최고봉이다. 섬진강을 사이에 두고 지리산과 남북으로 마주보고 있는 백운산은 정상에서 서쪽으로 또아리봉(1127m),도솔봉(1153.2m)이, 동으로는 호남정맥으로 이어지는 매봉(866.9m)이, 남으로는 억불봉(1,007.5m)을 거느리고 있는 큰 산맥을 이루고 있다. 백운산 아래 옥룡면은 삼면이 산줄기로 둘러싸인 큰 골짜기로 남쪽만 열려 있는 자루 모양을 하고 있다. 이 골짜기를 불당골이라고 부를 만큼 불교 흔적이 많은 곳이다. 지리도참설과 풍수사상의 원조라 할 수 있는 도선국사가 37세부터 35년 동안 옥룡사(지금은 남아 있지 않음)에서 주로 기거하다, 72세에 이 절에서 입적하였다. 백운산 산행기점인 동동 마을 왼쪽 옥룡사 터가 있는 백계산(505.8m)에 도선국사가 심었다는 동백 숲이 천연기념물로 지정되어 있다. 이 산에는 고로쇠나무가 많이 자라고 있는데, 예로부터 고로쇠나무에서 나온 수액이 만병통치약이라고 하여 경칩을 전후로 하여 많은 사람이 백운산을 찾아오고 있다."
2215034400,"동강을 끼고 있는 백운산. '태고의 신비'와 '천혜의 비경'까지 갖춘 동강은 강원도 산 속 깊숙이 숨어서 말없이 흘러가고 있다. 그래서 일까. 백운산 산행은 마치 신선이 된 듯한 기분을 선사해준다. 백운산 산행을 위해서는 동강을 건너야 한다. 그리고 산행을 마쳤을 때도강을 건너와야 한다. 하지만 물을 건너지 않고 아예 칠족령에서 문희 마을로내려선뒤 보트를 타고 섭새까지 내려오는 방법도 있다. 산과 강을 동시에즐기는 코스다. 하지만, 백운산 산행은 점재 마을에서 시작하는 것이 일반적이다."
2142141300,"경기도 포천군 이동면과 강원도 화천군 사내면의 경계를 이루는 백운산은 부드러운 산세와 해발 660m 인 광덕고개에서 산행이 시작되므로 가볍게 산행을 즐기려는 사람들이 많이 찾는다. 주말을 이용해 가족과 함께 등반을 하기에도 적격인 곳이다.  광덕고개는 일명 '카라멜고개'라고 불리는데, 그렇게 불리는 데는 두 가지 설이 있다. 첫 번째 설은 도로가 비포장이었던 6.25때 이 지역을 관할하던 사단장이 광덕고개를 오를 때면 운전병의 졸음을 쫓기 위해 운전병에게 카라멜을 먹게 한 데에서 유래되었다는 것이다.  두번째 설은 광덕고개의 꾸불꾸불한 모양이 낙타의 등을 연상케 한다고 해서, 카멜(Camel: 낙타)이 카라멜로 변하여 카라멜고개로 불리게 되었다는 것이다.  백운산 정상 서쪽 아래로 4km에 이르는 백운계곡은 풍부한 수량과 빼어난 계곡미를 자랑한다. 계곡 곳곳에 넓적한 바위가 널려있어 아무데고 앉으면 쉼터가 될 정도로 등산인들이 쉬어가기 좋은 곳이다."
2506112300,"서해바다와 인접해 있는 변산은 호남평야를 사이에 두고 호남정맥줄기에서 떨어져 독립된 산군을 형성하고 있다. 이 산은 예로부터 능가산, 영주산, 봉래산이라 불리며 호남의 5대 명산중의 하나로 꼽혀왔다.  1988년 국립공원으로 지정된 변산에는 기상봉, 망포대, 신선봉, 쌍성봉, 옥녀봉, 세봉 등 400m 이상의 산이 6개 있고 계곡에는 와룡소, 가마소, 직소폭포, 성계폭포 등 장엄한 절경을 자랑하는 명소들이 산재해 있다. 이 밖에도 서해안 해식단애(海蝕斷崖)의 절경을 이루는 채석장을 비롯하여 우금바위와 산성, 굴바위, 빙봉 낙조대, 내소사, 월명암, 개암사 등 천태만상의 명소들이 진을 치고 있어 볼거리가 많은 곳이다."
1103030100,"서울의 진산 북한산은 조선조 초기에는 삼각산(三角山)으로 불렀다. 삼각산이란 이름은 〈신증동국여지승람〉에 '삼각산은 양주의 경계에 있다. 일명 화산(華山)이라 하고, 신라시대에는 부아악(負兒岳)이라고 불렀다. 이 산은 경성(京城)의 진산으로 동명왕의 아들 온조가 한산(漢山)에 이르러 부아악에 올라가서 살 만한 곳을 살폈다'는 기록이 있으며, '백운봉 (白雲峰, 지금의 백운대), 인수봉 (仁壽峰), 만경봉 (萬景峰,지금의 만경대)등 세 봉우리가 있으므로 그렇게 이름한 것이다'라고 유래를 기록하고 있다. 북한산성에 대해서는 〈신증동국여지승람〉과 〈북한지〉에 상세히 기록되어 있다. 북한산성은 백제 온조왕이 터를 잡았고 그후 개루왕 때 성터를 쌓았다는 기록이 있으며, 조선시대에 임진왜란, 병자호란을 치른 뒤 숙종 37년(1711년)에 시작하여, 6개월 만인 그해 10월에 완공하였다 한다.  북한산성은 험한 산세를 이용하여 정상을 기점으로 서쪽 산자락부터 원효봉, 염초봉, 백운대, 만경대, 용암봉, 문수봉, 나한봉, 나월봉, 용출봉, 의상봉까지 연결하여 쌓은 산성으로 총 길이가 10km에 달한다. 당시 산성에는 14개의 성문을 냈는데, 산성의 정문 격인 대서문을 중심으로 북쪽으로 수문, 서암문(시구문), 북문, 백운대를 지나 위문, 용암문, 대동문, 보국문, 대성문, 대남문, 청수동암문, 대서문에서 북서쪽으로 이어지는 산성에는, 부황동암문, 가사동암문이 설치되었다. 현재는 대부분 성문을 복원하였다. 북한산에 수많은 등산로 거미줄 같이 얽혀 있어 산행시 주의를 요하는 곳이다. 북한산의 산행 들머리는 대표적으로 여섯 군데를 꼽고 있다. 우이동 기점, 4.19탑 기점, 정릉 기점, 세검정 기점, 불광동 기점, 구파발 북한산성 기점으로 구분할 수 있다."
1303011500,"경상북도 청도군과 대구광역시 달성군의 경계에 있는산, 최고봉은 대건봉이며 남쪽으로는 조화봉, 관기봉과 이어지며 유가사쪽에서 올려다보면 정상을 떠받치고 있는 거대한 바위능선이 우뚝 솟아있다.  정상에서 바라보는 낙동강의 경치가 아름답고 봄철에는 철쭉, 진달래 가을에는 억새군락이 볼만하다. 스님바위, 코끼리바위, 형제바위등의 이름난 바위와 달성군 옥포면의 용연사를 비롯하여 용문사, 유가사등의 사찰이 산재한다. 정상인 대견봉에서 남쪽 능선을 따라 988봉 - 조화봉으로 이어진다.  조화봉 능선에서 서쪽으로 대견사 터 - 1034봉으로 이어지며 1034봉에 팔각정 전망대가 설치되어 있다. 정상에서 북으로 이어지는 능선은 앞산으로 가는 안내표시가 되어 있다.정상에서 조화봉 까지 약 4km에 걸친 능선은 988봉 주변에 바위가 있을 뿐 육산(흑산)으로 큰 나무들이 없는 시야가 탁 트이는 초원 같은 이 능선에 가을에는 억새가, 봄에는 군락을 이룬 진달래가 붉게 물들인다.  진달래 군락사이에 싸리나무 등 잡목들이 섞여 있으나 진달래가 더 많다.비슬산 진달래는 정상부근, 988봉 부근 아래, 대견사 터 산자락 등 크게 3군데에 군락을 이루고 있다. 대견사터 북쪽 광활한 30여만평의 산자락이 대규모 진달래 군락지이며, 진달래가 가장 곱고 밀집되어 있는 곳은 988봉 부근 아래 산자락이다. 진달래는 4월 중순부터 물들기 시작해 4월 말에 절정에 달한다. 4월 하순경 참꽃(진달래)제가 열린다."
2213142900,"삼악산(三岳山)은 한북정맥상의 포천 백운산 밑에서 동쪽으로 갈라진 지맥이 석룡산, 화악산, 계관산으로 이어지고 옛날 경춘 간 육로교통의 춘천관문이었던 석파령을 넘어 끄트머리에서 솟아 신연강 협곡을 이루어 놓은 명산이다.  또한 협곡에 설치된 의암댐으로 호수가 생겨 물 속에 투영된 산을 볼 수 있어 더 한층 좋다. 매표소에서 계곡을 오르다 보면 등선폭포, 비선폭포, 승학폭포, 백련폭포등 크고 작은 폭포가 있으며, 용화봉, 청운봉, 등선봉을 비롯 3개의 봉우리에서 뻗어내린 능선이 암봉으로 이루어져 절경을 이룬다.기 암괴석이 많고 소나무, 참나무등의 수림이 울창하며 계곡미가 빼어나다.삼악산의 산행기점은 세 군데 이다. 등선폭,상원사,강촌역에서 다리건너 바로 시작하는 세 기점이 있다. 대부분의 등산객들이 등선폭쪽에서 산행을 시작하나, 의암댐이 있는 상원사입구에서 시작하여 등선폭포로 내려오는 것이 좋다."
2403011500,"서대산의 높이는 904.1m이다. 충청남도 남동부의 금강분지를 둘러싸고 있는 금산고원에 속해 있으며, 노령산맥을 이루는 정수이자 충청남도의 최고봉이다. 충남에서는 높이 904.1m으로 가장 높은 산으로서 기암 절벽으로 이루어져 있다. 화강암으로 이루어진 원추형 암산인 서대산은 기암절벽과 숲이 어우러지고 제법 험준해 산행의 묘미를 더한다. 정상에 올라서면 웅장하고 온화한 산세가 한눈에 들어오고 멀리 서북쪽으로 대전시내가 펼쳐진다. 원흥사, 개덕사등 유명사찰과 정상 직전에 직녀 탄금대, 정상에서 북쪽 546봉으로 이어지는 능선 주변에는 장면대, 북두칠성 바위, 사자굴, 쌀바위 등이 산재해 있다.협곡을 가로 질러 높게 설치된 약 50m의 구름다리 주변은 신선바위, 벼슬바위등 기암 절벽들이 어울려 장관을 이루고 있다."
2501121000,"봄이면 동백꽃과 벚꽃으로 유명한 선운산은 '호남의 내금강'으로 불리는 산으로 79년 도립공원으로 지정된 명산이다. 본래 도솔산이었으나 백제 위덕왕 24년(577년)에 창건한 선운사(禪雲寺)가 있어 선운산이라 불리게 되었다.  선운산은 이름 그대로 구름 속에 선(禪)을 닦는 산으로 선운사를 비롯해 참당암, 도솔암, 석상암, 동운암 등 유서 깊은 사찰과 암자가 산자락에 자리잡고 있다. 그 중 선운사는 백제 위덕왕 24년(577년)에 검단(黔丹)선사가 창건한 사찰로, 한때 89개 암자를 거느리기도 하였으나 현재는 4개의 암자만 남아있다. 선운사 대웅전 뒤에는 5천여 평의 동백나무숲(천연기념물 제184호)이 있는데 매년 4월 중순이면 붉게 피어나 보는 이의 탄성을 자아내게 한다. 김정호의 '대동여지도'에는 선운산이 표시돼 있지만 현재 각종 지도에는 선운산이라 표시되어 있지 않으며, 선운사 뒷산을 '도솔산' 또는 '수리봉' 으로 표시하고 있다. 선운사 창건 설화는 여러 가지가 있다.  원래 선운사 자리는 용이 사는 용추로 검단선사가 용을 쫓아냈지만 용추를 메울 길이 없자, 용추에 꼭두각시 배를 띄우고 돌을 던져 꼭두각시 놀이를 하게 하였다 한다. 또 그 때 마을에 눈병이 퍼졌는데 숯 한 짐씩을 용추에 버린 뒤 눈을 씻으면 낫는다는 소문을 퍼뜨려 용추를 메워 선운사를 지었다는 전설이 있다. 실제로는 검단선사가 그의 친구이자 신라 24대 진흥왕의 왕사인 의운(義雲)선사의 도움을 받아 진흥왕의 시주로 선운사를 창건하였다 한다. 진흥왕이 중생제도를 위해 왕위를 버리고 도솔왕비와 중애공주를 데리고 입산, 수도하였다는 진흥굴(眞興窟. 일명 좌변굴(左邊窟),열석굴(裂石窟))이 도솔암 아래에 남아있다. 낙조대에서 바라보는 서해바다의 조망과 하늘로 날아오를 듯한 모습을 한 천마봉 등 볼거리가 푸짐한 이 산은 암자와 바위, 굴마다 숱한 전설이 깃들어 있어 지루함 없이 산행을 즐길 수 있다. 특히 선운산 마애불에는 재미난 전설이 전해지고 있다. 옛날부터 마애불 배꼽 속에 신기한 비결이 들어 있고 그 비결이 나오는 날 한양의 이씨가 망한다는 전설이 있었다. 전라도 감사 이서구(李書九)가 마애불의 배꼽을 열어 보려다가 뇌성벽력이 쳐, 실패한 일이 있었는데 동학혁명이 일어나기 전 동학의 간부 손화중(孫和中)이 배꼽을 열고 그 비결을 꺼내갔다고 한다."
2207010900,"설악산은 한라산(1,947.3m),지리산(1,915.4m)에 이어 남한에서 세 번째로 높은 산으로 강원도 속초시와 양양군,인제군에 걸쳐 있다. 옛 문헌을 보면 지금의 대청봉이 있는 양양, 속초의 산만을 `설악'이라 제한하였고 귀때기청봉이 있는 인제쪽의 산을 `한계산'이라 따로 지칭했다. 그 예로 안산 남쪽 장수대 부근에 있는 한계산성이 이를 뒷받침하고 있다. 진부령에서 대청봉까지 이어지는 북주능의 백미는 뭐니뭐니 해도 수많은 암봉들로 구성된 공룡능선인데 이 코스가 바로 북주능의 등뼈 역할을 하는 공룡능선을 가장 짧은 시간에 주파할 수 있는 길이다. 이 능선은 1963년 겨울, 당시 한국의 암벽등반 선구자이던 선우증옥, 정규현, 채태웅씨 등이 처음으로 완등한 이후 산악인들로부터 각광을 받다가 최근엔 일반인들도 쉽게 할 수 있을 만큼 등산로가 잘 닦여있다.  백두산에서 남쪽으로 내리뻗어 이 땅의 기나긴 등뼈를 이루는 백두대간의 허리를 받들고 있는 설악산은 북의 금강산과 남의 오대산 사이에 솟아있는 천하의 명산으로 우리나라 관광명소 1호로 꼽힌다. 지난 1965년 11월 5일 천연기념물지구(163.4㎞), `69년 관광지(16.2㎞) 그리고 '70년에는 국립공원(174㎞)으로 각각 지정되었다. 그리고 1971년 9월에는 설악산 국립공원 관리사무소가 개설 되었고 `77년 '78년 두차례에 걸쳐 354.6㎞로 확장되었으며, 그 후 다시 374㎞로 넓이를 확대하였다. 울산암 등산로 초입에 있는 신흥사는 대한불교 조계종 제3교구 본사로 설악산의 대표적 사찰이다. 신라때 자장율사가 노루목근처에 향성사로 창건했다가 조선조때 현위치에 다시 세웠다고 한다."
2717030900,"면적 72평방 킬로미터에 둘레가 44.12킬로미터인 울릉도는 포항에서 뱃길로 188킬로미터 떨어진 섬으로 독도를 포함해서 본토에서 가장 멀리 있는 섬이다. 섬 주변은 대부분 화산암의 해안절벽으로 되어 있는데 바로 이 섬 중심부에 성인봉이 자리해 있다.  작은 땅, 울릉도 위에 하나의 봉우리가 솟아 있으니 성인봉이 곧 울릉도인 셈이다. 울릉도는 오래전부터 왕조들의 정책에 의해 백성들을 살 수 없게 하였던 곳이나 백성들이 몰래 숨어 들어 끝끝내 우리 땅으로 지켜낸 우리 민족의 기상이라고 할 수 있다. 울릉도에 관한 기록은 신라시대로 거슬러 올라간다.  〈삼국사기〉와 〈삼국유사〉에 신라 22대 지증왕 때 울릉도에 관한 기록이 있다. 〈삼국사기〉에는 지증왕 13년에 우산국(于山國)이 항복했고, 하실라 군주 이사부(異斯夫)가 나무로 만든 사자를 싣고 가서 항복을 받았다고 기록되어 있는데 〈삼국유사〉의 기록은 조금 다르다. 〈삼국 유사〉에 따르면 아슬라주 동쪽 바다에서 순풍으로 이틀 걸리는 곳에 우릉도(于陵島)가 있고 이 섬에 사는 오랑캐들은 교만하게 바닷물이 깊은 것을 믿고 조공을 바치지 않아 이창 박이종(朴伊宗)이 나무사자로 위협해 항복시켰다고 한다.  울릉도는 겨울에는 따뜻하고 여름에는 시원해서 누구라도 살기 좋고 모든 것이 풍요롭다. 특히 '3무'라고 해서 도둑,거지,뱀이 없고 '5다'라고 하여 향(香),풍(風),미(美),수(水),석(石))이 많기로 이름나 있다. 해안가로 나가면 구멍바위(공암), 거북바위, 사자바위, 곰바위, 말바위, 국수를 널어놓은 듯한 국수바위 등 기암괴석을 쉽게 볼 수 있다. 성인봉 북쪽 하산 길에 있는 이십 여만 평의 나리분지에는 억새 밭과 나리꽃 군락이 서쪽으로 솟아 있는 알봉(538)과 어우러져 비경을 자아낸다.  울릉도 서쪽 끝 태화동에는 울릉도의 대표적 사당인 성하신당이 자리잡고 있다. 이곳 주민들은 매년 음력 2월에 농사와 어업의 풍년,풍어를 빌고 있다.전설에 의하면 성하신당은 조선 태종 때 안무사로 왔던 김인우가 세웠다고 한다. 안무사 김인우가 심한 풍랑으로 본토에 돌아가지 못하고 있을 때 신의 지시를 받고 젊은 남녀 한 쌍 태하동에 억지로 떼어놓고 본토로 돌아갈 수 있었는데 몇 년 뒤 울릉도에 다시 와 보니 두 사람이 껴안은 채 백골이 되어 있어 그들의 원혼을 달래기 위해 세운 사당이라 한다. 저동에서 봉래폭포로 이어지는 등산로에는 바위틈에서 찬바람이 나오는 〈천연에어컨〉이 땀을 시켜 준다.  천연에어컨에서 정상으로 이어지는 등산로를 따라 약 40분 오르면 세 갈래 물줄기가 원시림을 뚫고 쏟아지는 봉래폭포를 만나게 된다. 나리분지에서 산행이 끝나는 지점인 천부선착장을 따라 서쪽으로 2백미터정도 걷다보면 바위굴 속에서 찬바람이 나오는 풍혈(風穴)이 있다. 봉래폭포쪽 천연에어컨보다 못하지만 여름 땀을 씻어내기에는 충분하다."
2302011300,"경상북도와 충청북도의 경계를 이루고 있는 소백산은 우리 나라 12대 명산 중의 하나로 '한국의 알프스' 라 불린다. 이 산은 총 면적이 320.5km에 달하는 거대한 산줄기로 정상인 비로봉을 비롯하여 연화봉(1,376.9m). 제 2 연화봉(1,357.3m). 국망봉(1,420.8m) 등 1천m 고봉이 줄지어 있어 웅장한 산세를 이루고 있다."
2112130200,"서울에서 44km, 동두천시청에서 동북쪽으로 약 5km의 거리에 있는 소요산은 경치가 뛰어나 경기도의 '소금강'이라 불린다."
2303021300,"한반도의 등줄기인 백두대간(白頭大幹)과 서해바다까지 뻗어 나간 한남금북정맥(漢南錦北正脈)의 분기점에 솟아 올라 조선팔경의 하나이자 소금강, 또는 제 2의 금강이라 불리는 속리산(1,058.4m)은 행정구역상으로는 충북 보은과 경북 상주에 걸쳐 있는 명산이다."
1704041600,"취서산은 일명 영취산으로 불리고 있으며, 이 산의 산자락에는 3대 사찰 중 하나인 통도사가 자리잡고 있다. 취서산 정상에서 신불산 정상까지 이어지는 억새능선이 유명하며, 신불산 산자락에는 홍류폭포와 작천정이 유명하다.   취서산과 신불산은 영남 알프스의 7개 봉우리에 속하는 산으로 광활한 억새밭으로 이름 난 곳이다. 경부고속도로를 부산 방면으로 내려가다가 언양인터체인지에서부터 통도사인터체인지 사이에 오른쪽으로 고속도로로 나란히 길게 뻗어 있으며 두 산은 같은 주능선에 가까이 붙어 있어 산행도 연결해서 하고 있다."
2803010100,"암천을 따라 고성읍 서북쪽 12km 거리에 있는 산으로 옥녀봉, 선도봉, 망선봉의 세 봉우리로 이루어져 있으며 산의 북쪽 기슭에는 유서깊은 옥천사와 백련암, 청연암, 연대암 등의 암자가 있으며 특산물로는 송이버섯과 산딸기 등이 유명하다.  옥천사 대웅전 뒤에 위치한 옥천샘은 사시사철 마르지 않고 항상 수량과 수온이 일정하며 이 샘의 물은 위장병, 피부병에 효험이 있다. 1948년 샘 위에 옥천각을 세워 보존하고 있다."
2215072100,"울창한 숲과 이름난 사찰, 약수, 유적지 등이 산재해 있어 관광객과 등산객으로 늘 붐비는 오대산은 강원도 평창군 진부면과 도암면, 홍천군 내면, 강릉시 연곡면의 오대산국립공원의 서부지구에 위치해 있다. 특히 짧은 산행이지만 유서깊은 사찰과 암자를 곳곳에서 볼 수 있는 상원사와 적멸보궁, 정상인 비로봉을 거쳐 미륵암으로 하산하는 코스가 가장 유명하다. 상원사는 6/25때 한암이라는 승려의 산화로 아군의 전략상 소실될 뻔 하였던 위기를 피해 현재까지 그 형태를 보존하고 있는 사찰이다. 국보 36호인 동종이 있으며 신라시대 자장법사에 의해 창건되었다.  예로부터 금강산, 한라산, 지리산과 더불어 국내 제일의 명산으로 알려져 온 오대산은 골짜기마다 아름드리 나무가 숲을 이루고 있어 남한 최대의 수림을 자랑하다. 또한 강원도 일대의 산들이 대부분 기암괴석으로 이루어진 것과는 토산으로 이루어져 있어 한국산의 전형을 보여준다.   높이로 본다면 비로봉은 오대산의 최고봉이자 이 산의 정상이라 할 수 있다. 백두대간의 주맥이 설악에서 이어져 두로봉과 동대산으로 연결되는 서쪽 일대에 자리하고 있는 오대산은 명산으로 이름이 난 만큼 유서깊은 사찰과 암자들이 많다. 또한 산에 관련된 신비로운 전설들이 많이 전해 내려오고 있어 오대산의 명성을 더하고 있다.  오대산의 다섯 봉우리는 호령봉, 비로봉, 상왕봉, 두로봉, 동대산이다. 이 다섯 봉우리중 비로봉이 제일 높은 봉우리이고 그 다음이 호령봉이다."
2213103900,"강원도 춘천시 북산면과 화천군 간동면 사이에 있는 오봉산은 해발 779m이고 다섯개의 봉우리가 있다고 해서 오봉산이라고 한다. 기암절벽과 노송이 어울려 한폭의 동양화 같은 산으로 유서깊은 청평사가 있다.   배후령에서 오르게 되는 첫번째 봉우리가 1봉(나한봉), 두번째 봉우리인 관음봉, 세번째 봉우리인 문수봉, 네번째 봉우리인 보현봉, 다섯번째 봉우리인 정상 비로봉이 있다. 이중 제5봉인 정상에서 청평사 방면으로 뻗어내린 암릉이 특히 빼어난 풍광을 지녔다. 이 암릉을 따라 소양호를 바라보며 내려가는 길이 오봉산행의 백미라 할 수 있다."
2130103000,"용문산은 경기도에서 네 번째로 높은 산으로 기암괴석과 고산준령을 고루 갖추고 있는 산이다. 본디 미지산이라는 이름으로 불리었는데, 조선을 개국하고 이태조가 등극하면서 '용문산'이라 바꿔 부르게 되었다고 한다.   정상은 입산통제 지역으로 우회하는 등산로가 이용되고 있다. 신라 선덕여왕때 창건한 용문사 사찰앞에는 높이 62m, 둘레 14m에 달하는 은행나무(천연기념울 제 30호)가 발걸음을 멈추게 한다."
2217011600,"해발 878m의 용화산은 간동면 유촌리, 하남면 삼화리와 거례리, 춘천시 사북면 고탄리에 걸쳐있다. 북쪽으로는 파로호를, 서쪽으로는 춘천호를, 남쪽으로는 소양호의 중심에 위치한 산이다.   용화산 준령과 오봉산 사이에 성불령이라는 고개가 있고 여기에 성불사 터가 있다. 옛부터 성불사 저녁 종소리와 용화산 안개와 구름, 기괴한 돌, 원천리 계곡의 맑은 물, 부용산의 밝은 달, 죽엽산의 단풍, 구운소의 물고기 등을 옛부터 팔경이라 불렀다. 산에는 광바위, 심바위, 꼭지바위, 주전자바위, 마귀할미바위, 바둑바위 등 실물을 방불케하는 기암괴석이 있다."
2720052300,"동으로 가지산과 이어져 있는 운문산은 산세가 웅장하며 나무들이 울창하여 등산객이 많이 찾는 산이다. 이 곳에는 운문사를 비롯한 크고 작은 절과 암자가 있고, 주변 경치가 매우 아름답다."
2101062700,"청평에서 북동쪽으로 약 20km 떨어진 운악산은 일명 경기 소금강이라고 불리울 만큼 뛰어난 모습을 지니고 있다. 주봉인 망경대를 둘러싸고 커다란 바위들이 봉우리마다 구름을 뚫고 솟아 있으며, 오래된 절 현등사와 물 맑은 조종천은 매력을 한층 더해준다."
2515042400,"운장산은 전라북도 진안군 주천면, 정천면, 부귀면, 완주군 동상면에 걸쳐 있으며 남쪽과 북쪽으로 흐르는 물은 금강으로 유입되고, 서쪽 계곡으로 흐르는 물은 완주군 동상면을 지나 만경강으로 흘러 금강과 만경강의 발원지 구실도 하고 있다. 북두칠성의 전설이 담겨 있는 칠성대를 지나 한참 더 올라가면 오성대가 있는데 조선조 중종 때의 서출 성리학자 송익필이 은거하였던 곳으로 전해지고 있다.  주요 등산코스는 부귀면 궁항리나 황금리로 오르는 코스와 완주군 동상면 신월리로 오르는 코스가 있고 주천면 중사, 외처사동 마을에서 시작하여 동봉으로 오르는 코스도 있다."
2307083700,"월악산 국립공원은 충북 제천시 한수면과 덕산면의 경계를 이루는 산으로 백두대간이 이화령을 지나 조령산, 조령, 마패봉, 부봉, 월항삼봉, 하늘재, 포암산을 거쳐 대미산으로 이어지는 중간선 북쪽에 솟아있는 봉우리이다. 넓이 373㎢에 걸쳐 있는 월악산 능선은 백두대간보다 높고 무엇보다도 바위와 암릉으로 형성되어 있어 대간에 비해 능선이 훨씬 두드러져 있다.  제천시 한수면과 충주시 살미면의 경계를 이루는 지점에 자리한 월악수리봉은 일반인들에게는 생소한 이름이지만 알고보면 숨겨진 비경들이 많은 명산이다. 산행을 나선 후 곳곳에서 펼쳐지는 기암절벽의 변화무쌍함은 산악인들의 탄성을 자아낸다. 숨은 절경들은 둘러보며 정상에 오르면 어느새 월악수리봉에 대한 애정이 듬뿍 생겨 다시한번 이 곳을 찾고 싶은 마음이 절로 든다.  월악산(月岳山 1095.3m) 뒤안길에는 용하구곡이 30리나 늘어서 있는데 월악시루봉은 용하구곡의 서쪽에 병풍처럼 자리한 산이다. 시루봉을 가려면 일단 덕산면을 거쳐야 한다. 덕산(德山)은 이름 그대로 산의 덕을 본다는 뜻으로 덕산면은 예부터 인삼재배 적격지로 유명하다. 산 곳곳에 빼어난 경관이 산재해 있는데 특히 전망대 바위에서의 조망이 일품이다. 전망대 바위에 오르면 서북쪽의 월악산 정상이 울부짖는 호랑이 형상을 하고 있어 보는 이의 마음을 압도하며 동쪽에는 용하구곡 건너로 하설산, 매두산, 문수봉 산릉이 아름다운 풍광을 연출하고 있다."
2601072300,"월출산은 국내에서 규모가 제일 작은 국립공원으로 천태만상의 기암괴석이 수석 전시장을 연상케한다. 남성적인 웅장함을 갖춘 북쪽의 가파른 돌산과 여성적인 섬세함을 갖춘 완만한 남쪽산이 조화를 이뤄 지리산, 변산, 천관산, 내장산과 함께 호남의 5대 명산으로 꼽히고 있다. 신라시대에는 월나산(月奈山), 고려시대에는 월생산(月生山) 그리고 조선시대부터 월출산이라고 불리어졌다."
2130093200,"국립지리원 발행 지형도에도 마유산으로 표기하다가, 1973년 국토자오선 종주대가 이 산을 통과하면서 당시 대원 중 홍일점이었던 진유명씨의 이름을 따서 유명산으로 부르게 되었다.  이 산은 정상에 이르는 능선이 완만하고 부드러우며, 산 전체에 갖가지 나무가 울창하여 봄부터 여름까지 하늘을 가릴 정도이고 여름이면 기암괴석과 우거진 숲이 조화를 이룬 계곡은 수량이 풍부해 절경을 이루고 있다."
2204113300,"응봉산은 강원도 삼척군과 경북 울진군의 경계를 이루며 산 주변에 전인미답의 여러 계곡들을 끼고 계곡탐험코스로 적합한 산이다. 응봉산을 중심으로 북쪽의 기곡천과 재랑박골, 서쪽의 용소골, 문지골, 갱이골, 보리골 등이 있으며 남쪽 울진군내에 대광천과 동해안쪽 폭포골, 성우골등이 즐비하게 들어서 있다. 호산에서 버스종점을 지나 1km쯤 들어서면 폐광터가 나오는데 여기서 조금 더 올라가면 연이어진 2개의 폭포가 힘차게 흐른다. 조금 더 올라가면 오른쪽 깊은 계곡 아래로 헤아릴 수 없는 폭포지대를 만날 수 있다. 금강산의 축소판을 연상케 하는 이곳은 3단까지는 시야에 들어오나 그 아래로는 워낙 협곡이어서 몇단까지 폭포가 꺽어져 내리는지 셀 수 없을 정도다. 용소골을 탐험할 경우에는 암벽등반 경험자가 동행해야 하며 20m자일 두동쯤은 있어야 위험지대를 통과할 수 있다."
2511992400,"장안산은 장수군과 함양군의 경계선에 있는 백두대간상의 영취산에서 서쪽으로 갈라진 호남정맥의 첫머리에 솟아 있는 기봉이다. 기봉인 장안산에서 섬진강과 금강을 경계로 호남지방과 호서지방까지 뻣어 국토의 약 25%를 점유하고 풍요로운 강산을 이루고 있는 조산, 영산이기에 더욱 아름답게 가꾸어 나가야 한다. 장안산은 이 산맥에 솟아 있는 산중에서도 제일 높고 호남,지방에서는 지리산 덕유산 남덕유산에 이어 4번째로 높은 산이다.  이 산은 1986년에 군립공원으로 지정되었다. 기암괴석과 울창한 원시수림을 자랑하는 장안산은 덕산용소와 방화동, 지지계곡 지구로 나뉘어져 아름다운 절경을 이루는 관광지다."
2807063600,"재약산은 영남 알프스 산군중의 하나로 영남 밀양 청도 일대에 위치해 있다. 해발 1,000미터 이상의 준봉들로 이루어진 재약산(사자봉)은 산세가 부드러우면서도 정상 일대에는 거대한 암벽을 갖추고 있다.   125만평에 이르는 재약산 동쪽의 사자평 고원은 광할한 분지가 온통 억새풀로 뒤덮혀 있다. 우리나라에서 가장 넓은 억새벌판이다. 억새풀이 밀집해 자라는 곳만도 5만평에 이른다. 재약산은 해발 1,108m의 수미봉과 1,189m의 사자봉으로 이루어져 있다. 사자평고원은 두 봉우리 사이의 해발 800m 지점부터 완만한 타원형의 언덕들로 이어진다.사자평 억새는 어른 가슴정도 밖에 안 올 정도로 키가 작다.   산아래 밭둑이나 길가의 억새에 비하면 절반밖에 되지 않는다. 잎새도 가늘고 투박하다. 꽃이삭은 거친 산정의 바람에 닳아서인지 뭉툭하고 짧다. 그래서 가는 바람에는 이삭 끝의 낭창거림을 보기 어렵다."
2505061400,"적상산은 사방이 깎아지른 듯한 암벽으로 이루어져 있으며, 그 절벽 주변에 유난히도 빨간 단풍나무가 많이 서식하여 가을철이면 마치 온 산이 빨간 치마를 입은 여인네의 모습과 같다 하여 붙어진 이름이다. 이 산에는 장도바위, 장군바위 등 자연 명소와 함께 최영 장군이 건의하여 축조했다는 적상산성(사적 제 146호)이 있다.   이는 고려 공민왕 23년(1374) 최영 장군이 탐라를 토벌한 후 귀경길에 이 곳을 지나다가 산의 형세가 요새로서 적지임을 알고 왕에게 축성을 건의하여 건설된 것이라 한다. 현재의 성은 조선 인조6년(1628년)에 다시 쌓은 것으로서 둘레가 8.143㎞에 이른다. 적상산성 안에는 고찰 안국사 등 유서깊은 문화유적이 있어 이 곳을 찾아온 사람들에게 운치를 더해 준다.한편 고려 충렬왕 3년(1227년) 월인화상이 창건했다고 전해지는 안국사 및 조선시대 인조 21년(1643년)에 창건한 호국사도 있다."
2210012400,"한계령 오른쪽으로 보이는 점봉산은 설악산 대청봉과 남북으로 마주보며 설악산 국립공원의 일부를 이루고 있다.  주요 관광명소로는 12담 구곡으로 불리는 주전골이 있는데, 좌우로 갖가지 모양의 바위봉우리, 원시림, 맑은 계곡물이 어우러져 절경을 이루며, 특히 주전골 입구의 오색약수터는 빼놓을 수 없는 관광지다. 군사지역으로 출입이 통제되고 있는 것이 안타까울 뿐이다. 지소 조금 아래쪽 안국사로 오르는 길은 돌비탈을 지나야 하고 길도 애매하므로 산행기점은 일반적으로 서창리지소를 택한다."
2611193200,"높이 887m의 비교적 낮은 산인 조계산은 1979년 12월 도립공원으로 지정되었는데, 산세가 부드럽고 아늑한 것이 특징이다. 산 속 깊은 계곡에는 젖줄과 같은 맑은 물이 흐르며, 만수봉과 모후산이 송광사 일대를 병풍처럼 둘러싸고 있어 마치 어머니 품처럼 포근함을 느낄 수 있다. 전국 3대사찰의 하나인 송광사와 고찰인 선암사가 주능선을 중심으로 동서에 자리하고 선암사 계곡을 흐르는 동부계곡은 이사천으로 남부계곡은 보성강으로 흘러들게 된다.  선암사 둘레에는 월출봉, 장군봉, 깃대봉, 일월석 등이 줄지어 솟아있어 장관을 연출한다. 조계산 산행은 송광사나 선암사 어느 쪽에서 시작해도 비슷한 시간대에 다양한 코스를 즐길 수 있으며, 산세가 험하지 않고 평탄한 길이 많아 연인끼리 또는 가족단위 소풍코스로도 알맞다. 송광사 3대 명물중의 하나인 800년이 넘은 천연기념물 쌍향수도 이곳을 찾아오는 사람들의 눈길을 끌고 있다."
2721022000,국립공원 주왕산은 병풍처럼 펼쳐진 기암절벽이 장관.
2707083600,"서울의 진산 자리를 놓고 삼각산과 다투다가 휘적휘적 내려와 버렸다는 전설이 있을 만큼 빼어난 산이다. 정상에서 남봉으로 뻗어내린 1000m를 넘나드는 능선이 특히 준걸해 흡사 삼각산 백운대에서 보현봉에 이르는 장쾌한 능선을 빼다 놓은 듯하다. 일반등산로는 정상으로 알려진 1075봉을 중심으로 6방으로 나있는데 이 중 상봉인 주흘영봉과 부봉을 지나 동화원로 이어지는 줄기의 능선미가 일품이다. 월항삼봉으로 해서 하늘재로 내려서는 코스도 좋은데 월악산에서는 이 둘의 하늘금이 리듬체조의 리본처럼 역동적으로 보인다. 산이 솟음이 우세한 형국이라 썩 발달한 계곡은 없다. 대신 곡충골의 여궁폭포와 파랑소, 조곡골의 꽃밭서덜이 이채롭다. 너덜 사이를 듬성듬성 뚫고 올라온 진달래가 꽃을 피운 모습은 어디서도 찾아보기 힘들다. 도립공원으로 지정돼있는 문경새재는 주흘관, 조곡관, 조령관의 관문과 아울러 자연보도로도 유명하다. 근래에는 여기에 드라마 왕건  세트장과 산악영화제가 보태졌다."
2809040100,"명산일수록 숱한 이름속에 둘러쌓여 있기 마련이다. 예로부터 지리산은 백두대간의 맥이 크게 끝나는 곳으로 '택리지'에서는 두류산이라고 하였으며 진시황 시절 삼신산의 하나로 '방장산'이란 이름을 쓰기도 했다. 그리고 '지이산'은 '지혜가 다른 산' '천재지변을 미리 아는 지혜 있는 산'이라 표현하는 등 이름의 숱한 전설이 스며 있다.   「금강산은 빼어나되 웅장하지 못하고, 지리산은 웅장하되 빼어나지 못하고」라는 서산대사의 비유가 있듯 지리산은 날카롭고 빼어남은 부족하나 웅장하고 두리뭉실한 기운이 돋보인다. 행정구역상 경남 산청군 시천면 중산리 山 208번지에 소재한 천왕봉(1,915.4m)을 주봉으로 반야봉(1,731.8m), 노고단(1,507m)이 대표적이며, 천왕봉에서 노고단을 잇는 100리 능선에는 1천 5백미터가 넘는 고봉이 10개, 1천미터가 넘는 봉우리가 20여개나 있을 정도로 높고 크다. 평평한 고원지대도 많이 발달해 야생화나 철쭉 등이 장관을 이루기도 한다. 산세가 험하지 않으면서 봉우리가 80개에 달하다보니 봉우리 사이로 계곡이 발달했다.   계곡물이 많고 경사도가 심하지 않는 특징이 있다. 중산리계곡, 대원사계곡, 거림계곡, 장당계곡, 뱀사골계곡, 화엄사계곡, 심원계곡, 피아골계곡, 한신(백무동)계곡, 칠선계곡 등 유명 계곡만도 20여개가 있다."
2816132100,"환상의 섬 사량도 그 중간에 우뚝솟은 또 다른 ""지리산""(399.3m) 힘겹게 오른 옥녀봉서 바라보는 한려수도와 하산후의 싱싱한 회맛 눈과 입이 즐겁다 환상의 섬！ 사량도가 더욱 아름답게 새로이 태어났다.  감추어졌던 사량도의 비경들이 이제 수많은 산꾼들과 여행자들에게 흐뭇하게 그 매혹적인 자태를 드러내게 된 것이다. 통영시에서 펼친 관광개발로 대항해수욕장이 조성되고 여객선 터미널이 새롭게 단장되고 위험했던 등산로가 야무지게 정비되는 등 찾는 이들의 안전과 편의를 개선하여 사량도는 수많은 관광객들로 붐비고 있다.  사량도는 통영시 사량면에 해당하는 섬으로 우리나라 남단 다도해 한려해상공원에 둘러싸인 아름다운 섬이다. 사량도는 섬 자체가 뱀 모양으로 생겼고 뱀이 많다고 해서 붙인 이름이라 하는데, 한 남자가 이룰 수 없는 사랑에 괴로워하다 상사병으로 죽어뱀이 되었다는 이야기도 전해온다.삼천포시 앞바다의 잔잔한 물결을 가르고 사량도 상도에 도착하면 섬 가운데 우뚝 솟은 지리산을 볼 수 있다.  본래는 우리에게 잘 알려져 있는 전라도와 경상도에 걸친 장대한 지리산이 바라다보여 「지이망산」이라 불리다가 그 말이 줄어 「지리산」이 된 것이다. 높이는 얼마되지 않지만 한려수도의 빼어난 경관과 어우러져 그 어느 명산 못지 않게 절묘한 경관을 간직하고 있다.  산에 오르는 길은 여럿 있으나 돈지포구를 시발점으로 지리산 옥녀봉을 거치는 능선을 타고 진촌으로 빠지는 코스를 택하는 것이 이 산의 진면목을 가장 잘 즐길 수 있는 방법이다.돈지는 수려한 경관의 바위산과 푸른 물살이 넘실대는 바다를 배경으로한 한폭의 그림같은 순박한 섬마을이다. 마을을 빠져나와 산을 오르기 시작하면 돌밭길이 나오는데 시야에 들어오는 바다 풍경 덕에 돌길이 지루하지 않고 아기자기하기만 하다. 행여 주위 경관에 시선을 빼앗겨 발이라도 헛디딜까 걱정이 될 정도다."
2618021900,"산이 바위로 이루어져 봉우리마다 하늘을 찌를 듯 솟아있는 천관산은 지리산, 월출산, 내장산, 내변산과 함께 호남의 ５대 명산중 하나다.  아기바위, 사자바위, 종봉, 천주봉, 관음봉, 선재봉, 대세봉, 석선봉, 돛대봉, 구룡, 갈대봉, 독성암, 아육탑 등을 비롯 수십개의 기암괴석과 기봉이 꼭대기 부분에 비죽비죽 솟아 있는데, 그 모습이 주옥으로 장식된 천자의 면류관 같다하여 천관산이라 불렀다고 한다."
2111091500,"마석에서 서북쪽으로 4.5km 떨어져 있는 산으로 1983년 군립공원으로 지정되어 휴일이면 많은 사람이 몰리고 있다.  특히 이 곳은 스키장과 청소년 심신수련장 등이 있으며, 산의 형세가 험하지 않고 나무가 울창하여 당일 등산코스로 알맞다. 1990년 11월 1일부터 야영장외 지역에서는 취사가 금지됐다."
2810181300,"통도사 인터체인지에서 부산쪽으로 7km 떨어진 곳에 있는 산으로, 경부고속도로 위로 가설된 용연 육교를 지나 3km쯤 가면 내원사로 가는 골짜기에 다다르게 된다. 여기서부터 기암괴석과 울창한 숲이 우거져 금강산의 계곡을 방불케하는 천성산이 시작된다."
2304053500,"충북 영동군 양산면과 충남 금산군 제원면의 경계를 이루는 천태산은 기암절벽과 수림이 조화를 이루고 있어 일명 '충북의 설악'이라 불리고 있는 산이다. 등산로는 바위지대에다 안내표지와 로프가 설치되어 있어 아기자기한 바위산행을 만끽할 수 있는 묘미가 있는 산이며 뛰어난 자연경관을 자랑하는 산이기도 하다.   이름난 명소가 산재해 있어 가족동반 등산지로도 좋다. 계곡은 비록 짧으나 시원하게 쏟아지는 용추폭포와 진주폭포가 있고, 봄에는 진달래, 벚꽂이 온 산을 뒤덮고 가을에는 단풍 또한 좋다.  천태산에는 양산 8경 중 제1경인 영국사가 있으며, 10km 떨어진 곳에 여의정, 강선대, 용암 등이 있어 볼거리가 많은 곳이다. 영국사 앞 등산로 입구에는 천연기념물 제233호로 지정된 수령 천년이 넘는 은행나무가 서 있다.   이 나무는 높이 18m, 둘레가 6m에 달하는 거목이다. 나라를 평안하게 하는 뜻을 가진 영국사는 고려 31대 공민왕이 홍건적의 난을 피해 이 근처에 와서 천일기도를 드린 끝에 난을 평정한 것을 기념하여 절을 짓고 이름을 영국사라 붙였다고 전해지고 있다."
2708013300,"봉화읍에서 동남쪽으로 26km 떨어진 청량산(869.7m)에는 금탑봉을 비롯하여 아름다운 봉우리 12개와 8개의 동굴이 있다.  자연경관이 수려하여 옛부터 소금강이라 전하여지는 명산으로써 태백산에서부터 시작되는 낙동강 줄기가 절벽을 감아돌아 절경을 빚어내고 있으며, 신선이 내려와 바둑을 두었다는 신선대와 선녀가 가무유희를 즐겼다는 선녀봉을 비롯하여 12봉의 기암괴석으로 이루어져 있고, 신라때부터 근세에 이르기까지 김생, 퇴계이황등 선현들이 수도를 하던 유불선교 발상지로 널리 알려져 있을뿐만 아니라 고려 공민왕 10년에 제2차 홍건적의 난을 피하여 왕이 이곳에 와 마지막요새로써 산성을 축조하였고, 난이 끝난후 왕이 이곳을 떠나자 주민들이 왕을 추모하기 위하여 공민왕당을 세우고 봄, 가을로 공을 드리자 대란이 있을때 마다 소리가 울려 재난을 피할수 있었다는 전설이 있으며, 이곳 공민왕당을 오르는 등산로는 말 다섯 마리가 한꺼번에 지나다녔다는 五馬道가 있다."
2607102100,"담양읍에서 13km 정도 떨어진 높이 731.2m의 추월산은 전라남도 기념물 4호이자 전라남도 5대 명산중의 하나로 손꼽힌다.   담양군의 최북단인 용면 월계리와 전라북도 순창 북흥면과 도경계를 이룬다. 많은 수림과 기암괴석, 깎아세운 듯한 석벽이 마치 성을 쌓은 듯이 둘러있고 서쪽에 겨우 사람 하나 통행 할 정도의 길이 트여 있다."
2101033200,"화도읍(마석)에서 북동쪽으로 12km 거리에 있는 축령산(887.1m)은 조종천과 수동천의 사이에 솟아 있다. 이 산에는 일명 '남이바위'라고 하는 바위가 있는데, 이는 조선시대 때 남이장이 이 곳에서 심신을 수련하였다 하여 붙여진 이름이라고 한다.   축령산의 울창한 수림과 계곡을 이용하여 자연 휴양림을 조성, 삼림욕장, 휴계소, 체육시설, 놀이시설, 야영장 등 편의 시설이 두루 갖추어 진 곳이다."
2209132600,"치악산은 강원도 원주시와 횡성군의 경계를 이루는 산으로, 산세가 뛰어난 데다 영동고속국도와 중앙고속국도에 인접해 있어 교통이 편리해 중부권 산행지로 인기가 높다."
2414022100,칠갑산은 해발 561m의 낮은 산이기는 하나 산세가 거칠고 가파르다. 아직은 널리 알려지지 않아서 자연 그대로의 울창한 숲을 이루고 있다. 산위에 오르면 서해가 바라다 보이고 골짜기마다 흐르는 물이 모여 지천과 사천을 이룬다.
2214211300,"태백산은 경상북도 봉화군 석포면 대현리와 태백시 문곡소도동 그리고 강원도 영월군 상동면 천평리와 접경을 이루며 동경 128。56"" 북위 37。05""에 자리잡은 해발 1,566.7m의 명산이다. 이 산에서 발원하는 물이 영남평야의 젖줄인 낙동강과 우리민족의 역사와 함께한 한강, 삼척의 오십천을 이루니 국토의 종산이자 반도 이남의 모든 산의 모태가 되는 뿌리산이다.  태백산은 천제단이 있는 영봉을 중심으로 북쪽에 장군봉(1567m) 동쪽에 문수봉(1,514.9m), 영봉과 문수봉사이의 부쇠봉(1,549.4m)로 이루어져 있다. 암벽이 적고 경사가 완만하여 남녀노소 누구나 쉽게 오를 수 있는 산으로 정상에는 고산식물이 자생하고 봄이면 산철쭉, 진달래의 군락지가 등산객을 맞이하고 여름에는 울창한 수목과 차고 깨끗한 계곡물이 한여름 더위를 잊기에 충분하며 가을은 형형색색의 단풍으로 수놓으며 겨울은 흰 눈으로 뒤덮인 주목군락의 설경을 보여 주는 곳으로 남성다운 중후한 웅장함과 포용력을 지닌 육산으로 이루어져 있다.   또한 정상에서 바라보는 일출과 낙조는 장엄하여 세속을 떠난 천상계를 연상케 하고 맑은 날 멀리 동해 바다를 볼 수 있는 것도 태백산이 가지고있는 자랑거리이다. 이 밖에도 최고높은 곳에 위치한 한국명수중 으뜸수 용정, 용담이 있다.1989년 5월 13일 17.44㎢의 면적이 도립공원으로 지정되었으며 소도집단시설지구에 콘도형인 태백산 민박촌을 비롯하여 숙박시설,음식점,야영장 등이 마련되어 있으며 석탄의 역사를 한 눈에 볼 수 있는 석탄박물관이 있고, 겨울철에는 대규모의 눈썰매장이 개장된다."
2208064100,"신증동국여지승람에 대화산이라 지칭한 태화산은 강원 영월군 영월읍 남쪽에 자리해 있다. 정상에서 북서쪽으로 뻗은 능선 끝에는 남한강이 굽이쳐 흐르고 정상으로 향하는 길에 영월읍을 두루 굽어볼 수 있는 태화산성터가 남아 있다.   고구려 시대에 쌓았던 토성, 태화산성에서는 간혹 당시의 기와 파편이 발견되기도 한다. 태화산 정상에서는 멀리 남으로 소백산과 백두대간 줄기가 조망된다."
1304461200,"경북 경산시의 북쪽에 위치한 해발1,192.3m 산이고. 관봉은 852m 봉우리로써 아주 험준한 산은 아니고 보통인은 등산하기에 알맞고 능선부위에 암반이 많은 곳으며, 자연경관이 좋고 관봉에서는 전망도 좋으며. 일년내내 불자신도와 등산객이 가장많은 장소이다."
2216075500,"주능선이 마치 병풍을 펼친 듯한 산세로, 예부터 '소금강' 이라 불리어질 만큼 아름답다. 게다가 주능선 좌우로 홍천강이 흐르고 있어 정상에 올라서 바라보는 전망이 더 없이 좋으며, 물놀이도 겸할 수 있는 곳이다.  팔봉산은 흔히 두 번 놀라게 하는 산으로 알려져 있다. 낮은 산이지만, 산세가 아름다워 놀라고 일단 산에 올라 보면 암릉이 줄지어 있어 산행이 만만치 않아 놀란다는 것이다."
2602132900,고흥읍에서 동쪽으로 25km 떨어진 소백산맥의 맨 끝부분에 위치한 산으로 8개의 봉우리가 남쪽을 향해 일직선으로 솟아 있다.
2902194100,"한라산은 우리나라 최남단에 위치해 있으면서 남한에서 가장 높은 산이다. 해발 1950m, 면적 151.35㎢ 로 1970년 3월 24일 국립공원으로 지정된 이 산은 3대 영산중의 하나로 다양한 식생분포를 이뤄 학술적 가치가 높은 동식물의 보고이기도 하다."
2101023600,"경기 5악 중의 으뜸인 화악산(1,468m)은 강원도와 경기도를 가르는 분기점에 우뚝 솟아 있는 산이다. 경기도의 최고봉이다. 화악산을 중심으로 동쪽에 매봉, 서쪽에 중봉이 위치하며 이들을 삼형제봉이라고도 한다. 여기서 발원하는 물은 화악천을 이루며 가평천의 주천이 되어 북한강으로 흘러든다.   정상 주변은 군사지역으로 출입이 금지되어 있어 가까운 곳에서 보는 것으로 만족해야 하는 점이 아쉽다. 지금은 정상 서남쪽 1km 거리에 있는 중봉 산행으로 화악산 정상을 대신하고 있다. 화악산 주능선에 오르면 가평, 춘천 일원을 굽어볼 수 있어 산행의 재미를 더해 준다."
2814140100,"경남 창녕에 자리한 화왕산은 험준한 산이다.  특히 봄이면 진달래와 철쭉, 여름에는 녹음과 계곡물, 가을에는 억새, 겨울에는 설경이 유명하다. 봄철 진달래 경치와 가을철 억새가 유명한데, 봄철이면 진달래 군락지를 이루고 있는 화왕산성 주위의 비탈과 관룡산으로 이어지는 능선 일대는 마치 분홍물감을 쏟아부은 듯하다. 매년 4월 하순에서 5월 초순까지 그야말로 산 전체가 불타오르듯 만발한 진달래의 붉은 기운으로 뒤덮인다.  화왕산 최대의 명물이라면 정상 주변의 넓고 평평한 억새밭인 '십리억새밭'이다.그 십리 억새밭이 평지에서 급경사 벽으로 뚝 떨어지는 경계선인 능선을 따라 화왕산 성벽이 쌓여 있으며, 그 바깥 경사면 거의 모두가 진달래밭을 이루고 있다. 매년 10월이면 이곳에서 화왕산 억새제가 개최된다. 화왕산은 선사시대 화산으로 추정되며, 3개의 못(龍池)가 있으며, 창녕조(曺)씨가 득성하였다는 득성비가 화왕산성(사적제64호)가 있다. 또 서쪽 능선으로는 사적 65호인 목마산성이 보인다. 능선의 동쪽 5km 거리에 관룡사가 있다."
2820020300,"합천호 푸른물속에 산자락을 담그고 하봉, 중봉, 상봉 등 세 봉우리로 정상을 이루어 수중매로 불리는 황매산(1,108m)은 합천읍에서 서남쪽으로 20km 지점에 위치해 있다.  산아래의 황매 평전은 목장 지대와 고산 철쭉 자생지가 있으며, 통일 신라시대의 고찰인 염암사지(사적 131호)가 있다. 황매산은 군리 공원으로 1983년 지정되어, 가회면 둔내리에서 영암사지에 이르는 등산로를 개설하였다. 대병면 하금리 하금천에는 야영장을 개설하여 합천호와 이 지역을 찾는 관광객의 편의를 도모하고 있다."
2819072400,황석산이 위치해 있는 함양은 '썩은 갈치가 다 모이는 곳' 이라 할만큼 상대적으로 교통이 불편한 곳으로 사람의 발길을 덜 타는 오지이다. 그래서 이 산은 손때 묻지 않은 자연미를 그대로 보존하고 있는 곳이다.   황석산 정상부로 가는 길은 억새능선이 장관을 이루고 정상부에 이르면 쌍립한 암봉의 멋스러움이 등산의 피로를 어루만져준다. 인접한 거망산 종주길도 경관이 일품인데 그 사이사이에 위험한 암릉길이 있으므로 20m정도의 보조자일을 준비하는 것이 안전하다.
2706133700,"황악산은 김천시에서 서쪽으로 12km 떨어진 곳에 위치한 산이다.   옛부터 학이 많이 찾아와 황학산이라 불리었으나, 직지사의 현판 및 택리지에 황악산으로 되어있다. 울창한 소나무 숲과 깊은 계곡에 옥같이 맑은 물, 가을의 단풍과 겨울의 설화가 아름답다. 일대는 국민관광지로 지정되어 더욱 개발되고 있다.   전체적인 산세는 특징없이 완만한 편이나 온 산에 수림이 울창하고 산 동쪽으로 흘러내리는 계곡은 곳곳에 폭포와 소를 이뤄 그윽한 계곡미를 이루고 있다. 특히 직지사 서쪽200m 지점에 있는 천룡대에서부터 펼쳐지는 능여계곡은 이산의 대표적인 계곡으로 봄철에는 진달래, 벚꽃, 산목련이 볼만하고 가을철 단풍 또한 절경을 이룬다.  황악산 정상에서 직지사를 내려다 보면 무수한 지능선이 하나씩 계곡안에서 소멸된 뒤 마지막 남은 두가닥 능선이 좌우에서 직지사를 크게 싸안으면서 산과 절의 화합은 완성된다. 1111m에 이르는 황악산의 높은 봉우리와 그 아래 학의 날개처럼 펼쳐지는 계곡이 좁은 수로를 통하여 동으로 빠져나가고 그 길목에 직지사는 자리잡고 있는 것이다.  직지사는 어떻게 보면 황악산 정기가 맺은 전혀 다른 종류의 꽃봉오리 같아 보인다. 직지사는 새로 세운 대형 일주문에 동국제일가람이라는 커다란 편액을 붙여놓은 대로 국중의 사찰 가운데서도 열손가락에 들만한 거찰이다."
2707040400,"백두대간의 한 뼈대를 이루며 높이 솟아있는 이 산은 이름이 여럿 있다. 황정산(黃庭山)이라고도 하고 작성산(鵲城山), 또는 황장봉산 등으로 표기되고 있으나 황장목이 많아 황장산으로 통칭되고 있다.  소나무의 한 종류인 황장목은 균열이 적고 단단해 임금의 관(棺)이나 대궐을 만드는데 많이 쓰인 귀한 나무이다. 이 때문에 조선조 숙종 때인 1680년에 이 산에서의 벌목과 개간을 금지하는 봉산(封山) 표석이 동로면 명전리 벌천계곡 하류에 세워졌다. 또 산 깊숙한 문안골 계곡에는 우람한 석문이 있는 작성산성이 있는데 축조방식으로 보아 고구려 시대 것으로 추정된다. 산 아래 금천에는 버들치 등 1급수 어류가 살고 있다."
2301072800,"희양산은 충북의 괴산과 경북의 문경에 걸쳐 거대한 하나의 바위덩이로 이루어진 듯 당당한 위세를 뽐내고 있는 산이다. 정상에서 북쪽은 시루봉, 서쪽으로는 구왕봉으로 이어져 나가며 기세를 진정시키지만, 동남서쪽으로 노출된 암장능 곡클라이밍 코스로 다시 없이 좋아 이미 여러개의 코스가 개발되어 있다.   병풍처럼 둘러쌓인 거대한 화강암벽은 설악산 울산바위에 필적할 만 하며, 암벽 하단부인 2백여m의 슬랩과 암벽은 위압감을 느끼기에 충분하다. 정상 남쪽 아래 유서깊은 봉암사가 있고, 옥석대와 그 주변 일대에 펼쳐진 옥석계곡의 뛰어난 정경은 등산의 또 다른 맛을 준다.   <span class=""bu"">※ 봉암사를 지나는 등산코스는 봉암사에서 일반인들의 출입을 엄격히 제한하고 있음</span>"
